ref_area,measure,year,value
BGR,PR_INC_DISP,2012,15.4006
BGR,PR_INC_DISP,2011,16.1792
AUS,PR_INC_DISP,2014,12.8
ROU,PR_INC_DISP,2015,19.3497
DEU,PR_INC_MRKT,2017,32.81
FRA,PR_INC_DISP,2022,8.3
AUT,PR_INC_DISP,2012,9.5969
AUT,PR_INC_DISP,2011,9.1322
AUT,PR_INC_DISP,2010,8.8743
AUT,PR_INC_MRKT,2022,31.392
AUT,PR_INC_MRKT,2021,32.7366
AUS,PR_INC_MRKT,2016,25.2
AUS,PR_INC_MRKT,2014,26.4
HRV,PR_INC_MRKT,2018,29.1917
USA,PR_INC_DISP,2014,17.4673
USA,PR_INC_DISP,2013,17.2112
BEL,PR_INC_DISP,2023,6.2931
BEL,PR_INC_DISP,2022,6.9124
BEL,PR_INC_DISP,2021,7.7722
AUT,PR_INC_MRKT,2018,30.4144
AUT,PR_INC_MRKT,2017,31.2381
AUT,PR_INC_MRKT,2016,32.1615
AUT,PR_INC_MRKT,2015,31.2079
AUT,PR_INC_MRKT,2014,32.0566
AUT,PR_INC_MRKT,2013,31.6315
AUT,PR_INC_MRKT,2012,31.9865
AUT,PR_INC_MRKT,2011,31.8431
AUT,PR_INC_MRKT,2010,32.4737
AUT,PR_INC_MRKT,2020,32.5074
AUT,PR_INC_DISP,2023,9.3074
AUT,PR_INC_DISP,2022,9.5532
AUT,PR_INC_DISP,2021,9.8273
AUT,PR_INC_DISP,2019,9.9865
AUT,PR_INC_DISP,2018,9.4128
AUT,PR_INC_DISP,2017,9.4318
AUT,PR_INC_DISP,2016,9.7758
ROU,PR_INC_DISP,2014,18.722
ROU,PR_INC_DISP,2013,18.2399
AUT,PR_INC_DISP,2013,9.016
AUT,PR_INC_MRKT,2023,31.355
CRI,PR_INC_DISP,2023,21.1607
CRI,PR_INC_DISP,2022,20.9931
CRI,PR_INC_DISP,2010,20.0047
CRI,PR_INC_MRKT,2024,29.8636
CHL,PR_INC_MRKT,2015,18.0
CHL,PR_INC_MRKT,2013,18.5
CHL,PR_INC_MRKT,2011,19.2
CHL,PR_INC_MRKT,2022,23.5811
CHL,PR_INC_MRKT,2020,26.7533
CHL,PR_INC_DISP,2022,16.2895
CHL,PR_INC_DISP,2020,18.5815
CHL,PR_INC_DISP,2017,16.5
CHL,PR_INC_DISP,2015,16.1
CHL,PR_INC_DISP,2013,16.8
CHL,PR_INC_DISP,2011,18.4
CAN,PR_INC_MRKT,2019,24.1549
CAN,PR_INC_MRKT,2018,24.5119
CAN,PR_INC_MRKT,2017,25.1735
CAN,PR_INC_MRKT,2016,24.4019
CAN,PR_INC_MRKT,2015,25.2245
CAN,PR_INC_MRKT,2014,23.9514
CAN,PR_INC_MRKT,2013,25.8896
CAN,PR_INC_MRKT,2012,25.5805
CAN,PR_INC_MRKT,2011,25.1691
CAN,PR_INC_MRKT,2010,26.2783
CAN,PR_INC_DISP,2018,11.8006
CAN,PR_INC_DISP,2017,12.0037
CAN,PR_INC_DISP,2016,12.388
CAN,PR_INC_DISP,2015,14.1368
CAN,PR_INC_DISP,2014,12.5953
CAN,PR_INC_DISP,2013,13.2174
CAN,PR_INC_DISP,2012,13.2986
CAN,PR_INC_DISP,2011,13.0716
CAN,PR_INC_DISP,2010,13.1441
CAN,PR_INC_DISP,2022,11.9
CAN,PR_INC_MRKT,2022,24.4
CAN,PR_INC_DISP,2023,12.2
CAN,PR_INC_DISP,2021,10.523
CAN,PR_INC_DISP,2020,8.6388
CAN,PR_INC_DISP,2019,11.53
CAN,PR_INC_MRKT,2023,24.6
CAN,PR_INC_MRKT,2021,25.1757
HRV,PR_INC_MRKT,2017,30.7716
AUS,PR_INC_DISP,2016,12.1
AUS,PR_INC_MRKT,2012,26.3
AUS,PR_INC_DISP,2020,12.6
AUS,PR_INC_DISP,2018,12.4
BEL,PR_INC_DISP,2020,7.3339
BEL,PR_INC_DISP,2019,8.0667
BEL,PR_INC_DISP,2018,8.164
FIN,PR_INC_DISP,2022,6.6551
FIN,PR_INC_DISP,2021,6.6618
FIN,PR_INC_DISP,2019,6.389
FIN,PR_INC_MRKT,2020,34.7
FIN,PR_INC_MRKT,2012,32.3
EST,PR_INC_MRKT,2016,29.8023
EST,PR_INC_MRKT,2015,30.4319
EST,PR_INC_MRKT,2014,30.8557
EST,PR_INC_MRKT,2013,32.9975
EST,PR_INC_DISP,2016,15.7957
EST,PR_INC_DISP,2015,16.0333
EST,PR_INC_DISP,2014,15.7157
EST,PR_INC_DISP,2013,15.8113
EST,PR_INC_DISP,2023,14.3827
EST,PR_INC_DISP,2022,16.1673
EST,PR_INC_DISP,2021,16.4598
EST,PR_INC_MRKT,2023,30.7873
EST,PR_INC_MRKT,2022,29.8215
EST,PR_INC_MRKT,2021,30.1968
EST,PR_INC_MRKT,2020,30.7779
EST,PR_INC_DISP,2020,15.8473
EST,PR_INC_DISP,2019,14.9299
EST,PR_INC_DISP,2018,16.2713
EST,PR_INC_DISP,2017,15.8303
EST,PR_INC_MRKT,2019,30.574
EST,PR_INC_MRKT,2018,31.5181
DNK,PR_INC_MRKT,2016,24.57
DNK,PR_INC_MRKT,2015,24.88
DNK,PR_INC_MRKT,2014,24.97
DNK,PR_INC_MRKT,2013,24.87
DNK,PR_INC_MRKT,2012,24.66
DNK,PR_INC_MRKT,2011,24.31
DNK,PR_INC_DISP,2018,6.36
DNK,PR_INC_DISP,2017,6.14
DNK,PR_INC_DISP,2016,5.76
DNK,PR_INC_DISP,2015,5.49
DNK,PR_INC_DISP,2014,5.45
DNK,PR_INC_DISP,2013,5.36
DNK,PR_INC_DISP,2012,5.39
DNK,PR_INC_DISP,2011,5.8
DNK,PR_INC_MRKT,2018,23.9
DNK,PR_INC_MRKT,2017,24.2
DNK,PR_INC_MRKT,2022,22.23
DNK,PR_INC_DISP,2022,6.31
DNK,PR_INC_DISP,2021,6.27
DNK,PR_INC_DISP,2020,6.35
DNK,PR_INC_DISP,2019,6.51
DNK,PR_INC_MRKT,2021,22.87
DNK,PR_INC_MRKT,2020,23.8
CZE,PR_INC_MRKT,2019,25.9319
CZE,PR_INC_MRKT,2018,26.3343
CZE,PR_INC_MRKT,2017,26.5765
CZE,PR_INC_MRKT,2016,27.5819
CZE,PR_INC_MRKT,2015,28.6629
CZE,PR_INC_MRKT,2014,28.7793
CZE,PR_INC_MRKT,2013,28.6884
CZE,PR_INC_MRKT,2012,27.7584
CZE,PR_INC_MRKT,2011,28.8713
CZE,PR_INC_MRKT,2010,27.9912
CZE,PR_INC_DISP,2019,5.5895
CZE,PR_INC_DISP,2018,6.0849
CZE,PR_INC_DISP,2017,5.6096
CZE,PR_INC_DISP,2016,5.593
CZE,PR_INC_DISP,2015,6.3799
CZE,PR_INC_DISP,2014,5.9264
CZE,PR_INC_DISP,2013,5.9019
CZE,PR_INC_DISP,2012,5.1643
CZE,PR_INC_DISP,2011,5.9379
CZE,PR_INC_DISP,2010,6.4716
CZE,PR_INC_MRKT,2023,26.5888
CZE,PR_INC_DISP,2023,5.5172
CZE,PR_INC_DISP,2022,6.1592
CZE,PR_INC_DISP,2021,6.3975
CZE,PR_INC_DISP,2020,5.2886
CZE,PR_INC_MRKT,2022,27.1161
CZE,PR_INC_MRKT,2021,27.5069
CRI,PR_INC_MRKT,2022,29.2213
CRI,PR_INC_MRKT,2021,29.0023
CRI,PR_INC_MRKT,2020,32.9116
CRI,PR_INC_MRKT,2019,27.5066
CRI,PR_INC_MRKT,2018,27.9624
CRI,PR_INC_MRKT,2017,26.9784
CRI,PR_INC_MRKT,2016,27.5145
CRI,PR_INC_MRKT,2015,26.323
CRI,PR_INC_MRKT,2014,26.8065
CRI,PR_INC_MRKT,2013,26.2645
CRI,PR_INC_MRKT,2012,26.2067
AUS,PR_INC_DISP,2012,14.0
AUS,PR_INC_MRKT,2020,24.4
CRI,PR_INC_MRKT,2025,29.9211
CRI,PR_INC_DISP,2021,20.307
CRI,PR_INC_DISP,2020,20.5092
CRI,PR_INC_DISP,2019,19.903
AUT,PR_INC_DISP,2015,8.6702
AUT,PR_INC_DISP,2014,9.1171
AUT,PR_INC_DISP,2020,9.5986
CRI,PR_INC_DISP,2015,20.5626
CRI,PR_INC_DISP,2014,21.5471
CRI,PR_INC_DISP,2013,20.978
CRI,PR_INC_DISP,2012,21.3032
CRI,PR_INC_DISP,2011,20.7216
CRI,PR_INC_DISP,2024,21.0194
CRI,PR_INC_DISP,2025,21.3495
ISL,PR_INC_DISP,2010,6.6375
ISL,PR_INC_MRKT,2019,18.6538
ISL,PR_INC_MRKT,2018,19.914
ISL,PR_INC_MRKT,2017,16.9126
ISL,PR_INC_MRKT,2016,17.5883
ISL,PR_INC_MRKT,2015,19.3774
ISL,PR_INC_DISP,2019,5.6427
ISL,PR_INC_DISP,2018,5.0279
ISL,PR_INC_DISP,2017,4.8592
ISL,PR_INC_DISP,2016,6.0297
ISL,PR_INC_MRKT,2014,19.3732
ISL,PR_INC_MRKT,2013,19.2215
HUN,PR_INC_DISP,2013,8.5762
HUN,PR_INC_DISP,2012,8.5465
HUN,PR_INC_DISP,2011,7.6938
HUN,PR_INC_DISP,2010,7.3356
HUN,PR_INC_DISP,2023,9.699
HUN,PR_INC_MRKT,2017,31.8177
HUN,PR_INC_MRKT,2016,32.2918
HUN,PR_INC_MRKT,2015,34.5138
HUN,PR_INC_MRKT,2014,34.4512
HUN,PR_INC_MRKT,2013,35.6389
HUN,PR_INC_MRKT,2012,36.2445
HUN,PR_INC_DISP,2017,8.0398
HUN,PR_INC_DISP,2016,7.7967
HUN,PR_INC_DISP,2015,8.4746
HUN,PR_INC_DISP,2014,8.7165
HUN,PR_INC_MRKT,2011,37.527
HUN,PR_INC_MRKT,2010,37.058
GRC,PR_INC_MRKT,2011,35.8122
GRC,PR_INC_MRKT,2010,32.804
GRC,PR_INC_MRKT,2023,29.9391
GRC,PR_INC_MRKT,2022,29.2905
GRC,PR_INC_MRKT,2021,28.4925
GRC,PR_INC_MRKT,2020,30.1636
GRC,PR_INC_MRKT,2019,30.0938
GRC,PR_INC_MRKT,2018,31.2459
GRC,PR_INC_MRKT,2017,32.8308
GRC,PR_INC_MRKT,2016,33.2874
GRC,PR_INC_DISP,2019,11.4854
GRC,PR_INC_DISP,2018,12.0841
GRC,PR_INC_DISP,2017,12.6336
GRC,PR_INC_DISP,2016,14.3885
GRC,PR_INC_DISP,2015,14.9393
GRC,PR_INC_DISP,2014,14.7948
GRC,PR_INC_DISP,2013,15.1168
GRC,PR_INC_DISP,2012,14.9295
GRC,PR_INC_DISP,2011,15.0552
GRC,PR_INC_DISP,2010,14.0559
GRC,PR_INC_MRKT,2015,34.5005
GRC,PR_INC_DISP,2023,11.9699
GRC,PR_INC_DISP,2022,11.1636
GRC,PR_INC_DISP,2021,11.6565
GRC,PR_INC_DISP,2020,12.9562
GRC,PR_INC_MRKT,2014,34.3775
GRC,PR_INC_MRKT,2013,34.7255
DEU,PR_INC_MRKT,2016,32.73
DEU,PR_INC_MRKT,2015,33.51
DEU,PR_INC_MRKT,2013,32.77
DEU,PR_INC_MRKT,2011,33.02
DEU,PR_INC_MRKT,2023,31.17
DEU,PR_INC_MRKT,2021,31.4
DEU,PR_INC_MRKT,2020,31.65
DEU,PR_INC_MRKT,2019,31.97
DEU,PR_INC_DISP,2018,9.81
DEU,PR_INC_DISP,2017,10.37
DEU,PR_INC_DISP,2016,10.41
DEU,PR_INC_DISP,2015,10.11
DEU,PR_INC_DISP,2013,9.05
DEU,PR_INC_DISP,2011,8.67
DEU,PR_INC_DISP,2014,9.5
DEU,PR_INC_DISP,2012,8.4
DEU,PR_INC_DISP,2023,11.33
DEU,PR_INC_MRKT,2022,31.88
DEU,PR_INC_MRKT,2014,33.3
DEU,PR_INC_DISP,2022,11.62
DEU,PR_INC_DISP,2021,11.8
DEU,PR_INC_DISP,2020,11.56
DEU,PR_INC_DISP,2019,10.91
DEU,PR_INC_MRKT,2012,31.9
DEU,PR_INC_MRKT,2018,32.08
FRA,PR_INC_MRKT,2022,36.5
FRA,PR_INC_DISP,2023,8.7
FRA,PR_INC_DISP,2021,8.5
FRA,PR_INC_DISP,2020,7.7
FRA,PR_INC_MRKT,2023,36.1
FRA,PR_INC_MRKT,2021,36.8
BEL,PR_INC_MRKT,2022,32.4735
BEL,PR_INC_MRKT,2021,33.0026
FIN,PR_INC_MRKT,2023,34.6
FIN,PR_INC_MRKT,2022,34.1441
FIN,PR_INC_MRKT,2021,35.2258
FIN,PR_INC_MRKT,2019,33.5119
FIN,PR_INC_MRKT,2018,34.0014
FIN,PR_INC_MRKT,2017,34.172
FIN,PR_INC_MRKT,2016,34.3205
FIN,PR_INC_MRKT,2015,34.0834
BEL,PR_INC_MRKT,2020,33.4973
BEL,PR_INC_MRKT,2019,33.3297
BEL,PR_INC_MRKT,2018,33.138
FIN,PR_INC_DISP,2018,6.4598
FIN,PR_INC_DISP,2017,6.3377
FIN,PR_INC_DISP,2016,5.7596
FIN,PR_INC_DISP,2015,6.3026
FIN,PR_INC_DISP,2014,6.7907
FIN,PR_INC_DISP,2013,7.1368
FIN,PR_INC_DISP,2020,5.7
FIN,PR_INC_DISP,2012,6.5
FIN,PR_INC_DISP,2011,7.5
FIN,PR_INC_DISP,2010,7.2
FIN,PR_INC_DISP,2024,8.4064
FIN,PR_INC_DISP,2023,6.8
LVA,PR_INC_MRKT,2014,30.4992
LVA,PR_INC_MRKT,2013,30.8303
LVA,PR_INC_MRKT,2012,31.4032
LVA,PR_INC_MRKT,2011,32.458
LVA,PR_INC_MRKT,2010,34.9395
LVA,PR_INC_DISP,2019,16.2224
LVA,PR_INC_DISP,2018,17.4814
LVA,PR_INC_DISP,2017,16.5654
LVA,PR_INC_DISP,2016,16.7176
LVA,PR_INC_DISP,2015,16.2232
LVA,PR_INC_DISP,2014,16.429
LVA,PR_INC_DISP,2013,14.5294
LVA,PR_INC_DISP,2012,13.3336
LVA,PR_INC_DISP,2011,12.9387
LVA,PR_INC_DISP,2010,13.3417
LVA,PR_INC_MRKT,2023,27.9447
LVA,PR_INC_DISP,2023,16.1653
LVA,PR_INC_DISP,2022,16.8628
LVA,PR_INC_DISP,2021,15.9818
LVA,PR_INC_DISP,2020,16.8688
LVA,PR_INC_MRKT,2022,29.5468
LVA,PR_INC_MRKT,2021,29.7811
KOR,PR_INC_MRKT,2018,20.2
KOR,PR_INC_MRKT,2017,19.9
KOR,PR_INC_MRKT,2016,20.0
KOR,PR_INC_MRKT,2015,19.7
KOR,PR_INC_MRKT,2014,19.9
KOR,PR_INC_MRKT,2013,19.3
KOR,PR_INC_MRKT,2012,19.2
KOR,PR_INC_MRKT,2011,19.7
KOR,PR_INC_DISP,2019,16.1
KOR,PR_INC_DISP,2018,16.5
KOR,PR_INC_DISP,2017,17.0
KOR,PR_INC_DISP,2016,17.4
KOR,PR_INC_DISP,2015,17.4
KOR,PR_INC_DISP,2014,18.1
KOR,PR_INC_DISP,2013,18.2
KOR,PR_INC_DISP,2012,18.1
KOR,PR_INC_DISP,2011,18.5
KOR,PR_INC_MRKT,2023,19.9
KOR,PR_INC_MRKT,2022,20.2
KOR,PR_INC_DISP,2023,14.9
KOR,PR_INC_DISP,2022,14.9
KOR,PR_INC_DISP,2021,14.8
KOR,PR_INC_DISP,2020,15.1
KOR,PR_INC_MRKT,2021,21.1
KOR,PR_INC_MRKT,2020,21.7
JPN,PR_INC_MRKT,2021,33.6
JPN,PR_INC_DISP,2021,15.4
JPN,PR_INC_DISP,2018,15.7
ITA,PR_INC_MRKT,2019,33.2369
ITA,PR_INC_MRKT,2018,33.7142
ITA,PR_INC_MRKT,2017,33.1681
ITA,PR_INC_MRKT,2016,33.8111
ITA,PR_INC_MRKT,2015,34.9851
ITA,PR_INC_MRKT,2014,33.8019
ITA,PR_INC_MRKT,2013,33.7939
ITA,PR_INC_MRKT,2012,33.2014
ITA,PR_INC_MRKT,2011,32.2353
ITA,PR_INC_MRKT,2010,32.6543
ITA,PR_INC_DISP,2010,13.4252
ITA,PR_INC_DISP,2023,12.5562
ITA,PR_INC_DISP,2022,12.2293
ITA,PR_INC_DISP,2021,12.8019
ITA,PR_INC_DISP,2020,13.5094
ITA,PR_INC_DISP,2019,13.6431
ITA,PR_INC_DISP,2018,14.1937
ITA,PR_INC_DISP,2017,13.8664
ITA,PR_INC_DISP,2016,13.6576
ITA,PR_INC_DISP,2015,14.4406
ITA,PR_INC_MRKT,2023,33.1234
ITA,PR_INC_DISP,2014,13.714
ITA,PR_INC_DISP,2013,13.2635
ITA,PR_INC_DISP,2012,12.9929
ITA,PR_INC_DISP,2011,12.8314
ITA,PR_INC_MRKT,2022,33.5025
ITA,PR_INC_MRKT,2021,35.1501
ISR,PR_INC_DISP,2023,17.173
CRI,PR_INC_MRKT,2011,25.5144
CRI,PR_INC_MRKT,2010,25.2809
IRL,PR_INC_MRKT,2017,33.9698
IRL,PR_INC_MRKT,2016,35.3512
IRL,PR_INC_MRKT,2015,37.5701
IRL,PR_INC_MRKT,2014,39.1211
IRL,PR_INC_MRKT,2013,41.9966
IRL,PR_INC_MRKT,2012,42.722
IRL,PR_INC_MRKT,2011,41.6473
IRL,PR_INC_MRKT,2010,43.8373
IRL,PR_INC_DISP,2019,7.0923
IRL,PR_INC_DISP,2018,7.1145
IRL,PR_INC_DISP,2017,8.9421
IRL,PR_INC_DISP,2016,9.1357
CRI,PR_INC_DISP,2018,20.8882
CRI,PR_INC_DISP,2017,20.3792
CRI,PR_INC_DISP,2016,20.8926
IRL,PR_INC_DISP,2012,9.3667
IRL,PR_INC_DISP,2011,9.9956
IRL,PR_INC_DISP,2010,9.0932
IRL,PR_INC_MRKT,2023,25.6999
IRL,PR_INC_DISP,2023,6.9916
IRL,PR_INC_DISP,2022,6.9968
IRL,PR_INC_DISP,2021,8.7752
IRL,PR_INC_DISP,2020,7.6833
IRL,PR_INC_MRKT,2022,28.135
IRL,PR_INC_MRKT,2021,30.2789
ISL,PR_INC_MRKT,2011,21.5007
ISL,PR_INC_MRKT,2010,21.4509
ISL,PR_INC_DISP,2015,5.4299
ISL,PR_INC_DISP,2014,6.2429
ISL,PR_INC_DISP,2013,4.5458
ISL,PR_INC_DISP,2012,6.0757
ISL,PR_INC_DISP,2011,5.814
NOR,PR_INC_DISP,2011,7.71
NOR,PR_INC_DISP,2010,7.52
NOR,PR_INC_MRKT,2014,24.6
NOR,PR_INC_MRKT,2013,24.4
NOR,PR_INC_DISP,2023,7.9
NOR,PR_INC_DISP,2022,7.98
NOR,PR_INC_DISP,2021,7.86
NOR,PR_INC_DISP,2020,8.38
NOR,PR_INC_DISP,2012,8.1
NOR,PR_INC_MRKT,2023,26.21
NZL,PR_INC_DISP,2020,12.2
NZL,PR_INC_DISP,2019,12.9
NZL,PR_INC_DISP,2018,13.7
NZL,PR_INC_DISP,2017,15.3
NZL,PR_INC_DISP,2016,14.1
NZL,PR_INC_DISP,2015,13.0
NZL,PR_INC_DISP,2014,14.6
NZL,PR_INC_DISP,2013,14.1
NZL,PR_INC_DISP,2012,14.9
NZL,PR_INC_DISP,2011,13.7
NZL,PR_INC_DISP,2010,13.0
NZL,PR_INC_MRKT,2019,25.3
NZL,PR_INC_MRKT,2018,24.9
NZL,PR_INC_DISP,2022,14.3
NZL,PR_INC_DISP,2021,13.0
NZL,PR_INC_MRKT,2022,24.8
NZL,PR_INC_MRKT,2021,24.4
NLD,PR_INC_MRKT,2014,26.6
NLD,PR_INC_MRKT,2013,26.2
NLD,PR_INC_MRKT,2012,25.6
NLD,PR_INC_MRKT,2011,25.1
NLD,PR_INC_DISP,2021,10.0
NLD,PR_INC_DISP,2020,8.2
NLD,PR_INC_MRKT,2023,25.5
NLD,PR_INC_MRKT,2022,25.8
NLD,PR_INC_MRKT,2021,27.6
NLD,PR_INC_DISP,2016,8.1
NLD,PR_INC_DISP,2015,7.7
NLD,PR_INC_DISP,2014,7.7
NLD,PR_INC_DISP,2013,7.8
NLD,PR_INC_DISP,2012,7.4
NLD,PR_INC_DISP,2011,7.2
NLD,PR_INC_DISP,2023,6.8
NLD,PR_INC_MRKT,2020,26.4
NLD,PR_INC_MRKT,2019,26.0
NLD,PR_INC_MRKT,2018,26.2
NLD,PR_INC_DISP,2022,7.1
NLD,PR_INC_DISP,2019,8.0
NLD,PR_INC_DISP,2018,7.8
NLD,PR_INC_DISP,2017,7.9
NLD,PR_INC_MRKT,2017,26.5
NLD,PR_INC_MRKT,2016,26.7
MEX,PR_INC_MRKT,2020,19.4042
MEX,PR_INC_MRKT,2018,18.1984
MEX,PR_INC_MRKT,2016,19.7274
MEX,PR_INC_MRKT,2014,20.3339
MEX,PR_INC_MRKT,2012,21.7364
MEX,PR_INC_DISP,2022,14.9979
MEX,PR_INC_DISP,2020,16.6449
MEX,PR_INC_DISP,2018,15.9336
MEX,PR_INC_DISP,2016,16.5985
MEX,PR_INC_DISP,2014,16.6503
MEX,PR_INC_DISP,2012,18.9022
LUX,PR_INC_DISP,2019,10.4996
LUX,PR_INC_DISP,2018,11.3681
LUX,PR_INC_DISP,2017,11.1166
LUX,PR_INC_DISP,2016,10.2232
LUX,PR_INC_DISP,2015,9.4612
LUX,PR_INC_MRKT,2023,25.7614
FRA,PR_INC_MRKT,2020,36.8
FIN,PR_INC_MRKT,2010,32.7
LUX,PR_INC_MRKT,2020,26.3476
LUX,PR_INC_MRKT,2019,30.6156
LUX,PR_INC_MRKT,2018,30.1347
LUX,PR_INC_DISP,2023,9.5891
LUX,PR_INC_DISP,2022,8.8835
LUX,PR_INC_DISP,2021,9.5862
LUX,PR_INC_DISP,2020,9.8471
LUX,PR_INC_MRKT,2017,32.7532
LUX,PR_INC_MRKT,2016,31.2638
LTU,PR_INC_MRKT,2018,32.8357
LTU,PR_INC_MRKT,2017,31.9456
LTU,PR_INC_MRKT,2016,32.3052
LTU,PR_INC_MRKT,2015,33.2025
LTU,PR_INC_MRKT,2014,34.1888
LTU,PR_INC_MRKT,2013,32.6297
LTU,PR_INC_MRKT,2012,36.3437
FIN,PR_INC_MRKT,2014,33.2193
FIN,PR_INC_MRKT,2013,32.8202
FIN,PR_INC_MRKT,2024,35.3653
LTU,PR_INC_DISP,2018,15.529
LTU,PR_INC_DISP,2017,17.2664
LTU,PR_INC_DISP,2016,16.8265
LTU,PR_INC_DISP,2015,16.49
LTU,PR_INC_DISP,2014,15.6612
LTU,PR_INC_DISP,2013,12.4401
LTU,PR_INC_DISP,2012,14.3399
LTU,PR_INC_DISP,2011,12.5917
LTU,PR_INC_DISP,2010,12.6755
LTU,PR_INC_DISP,2023,15.6176
LTU,PR_INC_MRKT,2022,28.9435
LTU,PR_INC_DISP,2022,14.0912
LTU,PR_INC_DISP,2021,13.6187
LTU,PR_INC_DISP,2020,14.1051
LTU,PR_INC_DISP,2019,15.4063
LTU,PR_INC_MRKT,2021,28.4715
LTU,PR_INC_MRKT,2020,28.3493
LVA,PR_INC_MRKT,2019,28.4905
LVA,PR_INC_MRKT,2018,29.0086
LVA,PR_INC_MRKT,2017,29.4604
LVA,PR_INC_MRKT,2016,29.2257
LVA,PR_INC_MRKT,2015,29.3922
SVN,PR_INC_DISP,2016,8.6432
SVN,PR_INC_DISP,2015,9.1879
SVN,PR_INC_DISP,2014,9.3394
SVN,PR_INC_DISP,2013,9.4998
SVN,PR_INC_DISP,2012,9.4585
SVN,PR_INC_DISP,2011,8.646
SVN,PR_INC_DISP,2010,9.1056
SVN,PR_INC_MRKT,2023,26.2465
SVN,PR_INC_DISP,2023,8.7622
SVN,PR_INC_DISP,2022,7.8676
SVN,PR_INC_DISP,2021,7.5635
SVN,PR_INC_DISP,2020,7.0454
SVN,PR_INC_MRKT,2022,26.2892
SVN,PR_INC_MRKT,2021,25.786
SVK,PR_INC_MRKT,2010,28.2462
SVK,PR_INC_MRKT,2023,30.9319
SVK,PR_INC_MRKT,2022,25.6788
SVK,PR_INC_MRKT,2021,24.5917
SVK,PR_INC_MRKT,2020,25.3952
SVK,PR_INC_MRKT,2019,23.8884
SVK,PR_INC_MRKT,2018,23.3318
SVK,PR_INC_MRKT,2017,23.3863
SVK,PR_INC_MRKT,2016,24.6892
SVK,PR_INC_MRKT,2015,24.3207
SVK,PR_INC_DISP,2019,7.8425
SVK,PR_INC_DISP,2018,8.3141
SVK,PR_INC_DISP,2017,7.3039
SVK,PR_INC_DISP,2016,8.4513
SVK,PR_INC_DISP,2015,8.5038
SVK,PR_INC_DISP,2014,8.8061
SVK,PR_INC_DISP,2013,8.4918
SVK,PR_INC_DISP,2012,8.4595
SVK,PR_INC_DISP,2011,8.1854
SVK,PR_INC_DISP,2010,8.0351
SVK,PR_INC_MRKT,2014,23.9854
SVK,PR_INC_DISP,2023,8.3076
SVK,PR_INC_DISP,2022,9.3976
SVK,PR_INC_DISP,2021,7.9154
SVK,PR_INC_DISP,2020,9.4392
SVK,PR_INC_MRKT,2013,26.0593
SVK,PR_INC_MRKT,2012,26.8087
PRT,PR_INC_MRKT,2019,30.6968
PRT,PR_INC_MRKT,2018,31.247
PRT,PR_INC_MRKT,2017,30.9979
PRT,PR_INC_MRKT,2016,32.8639
PRT,PR_INC_MRKT,2015,33.7265
PRT,PR_INC_MRKT,2014,34.8435
PRT,PR_INC_MRKT,2013,36.2848
PRT,PR_INC_MRKT,2012,34.9514
PRT,PR_INC_MRKT,2011,32.3063
PRT,PR_INC_MRKT,2010,29.2858
PRT,PR_INC_DISP,2019,10.5828
PRT,PR_INC_DISP,2018,10.3787
PRT,PR_INC_DISP,2017,10.6747
PRT,PR_INC_DISP,2016,12.4591
PRT,PR_INC_DISP,2015,12.5496
PRT,PR_INC_DISP,2014,13.497
PRT,PR_INC_DISP,2013,13.5046
PRT,PR_INC_DISP,2012,12.9538
PRT,PR_INC_DISP,2011,11.4065
IRL,PR_INC_MRKT,2019,31.1056
IRL,PR_INC_MRKT,2018,33.2611
PRT,PR_INC_DISP,2023,11.3791
PRT,PR_INC_DISP,2022,11.2417
PRT,PR_INC_DISP,2021,9.9281
PRT,PR_INC_DISP,2020,12.7928
PRT,PR_INC_MRKT,2022,28.8958
PRT,PR_INC_MRKT,2021,28.6386
POL,PR_INC_MRKT,2019,27.4385
POL,PR_INC_MRKT,2018,28.4752
POL,PR_INC_MRKT,2017,28.6799
POL,PR_INC_MRKT,2016,29.0668
POL,PR_INC_MRKT,2015,28.1136
POL,PR_INC_MRKT,2014,28.455
POL,PR_INC_MRKT,2013,27.9894
POL,PR_INC_MRKT,2012,28.1955
POL,PR_INC_MRKT,2011,27.4349
POL,PR_INC_MRKT,2010,27.7453
POL,PR_INC_DISP,2019,9.3612
POL,PR_INC_DISP,2018,9.8106
POL,PR_INC_DISP,2017,9.6449
POL,PR_INC_DISP,2016,10.2705
IRL,PR_INC_DISP,2015,10.0623
IRL,PR_INC_DISP,2014,9.4125
IRL,PR_INC_DISP,2013,9.6515
POL,PR_INC_DISP,2012,10.3804
POL,PR_INC_DISP,2011,10.6237
POL,PR_INC_DISP,2010,10.7441
POL,PR_INC_MRKT,2023,29.2367
POL,PR_INC_DISP,2023,8.8314
POL,PR_INC_DISP,2022,9.1048
POL,PR_INC_DISP,2021,8.836
POL,PR_INC_DISP,2020,9.1422
POL,PR_INC_MRKT,2022,27.2314
POL,PR_INC_MRKT,2021,27.155
NOR,PR_INC_MRKT,2021,26.57
NOR,PR_INC_MRKT,2020,26.93
NOR,PR_INC_MRKT,2019,25.88
NOR,PR_INC_MRKT,2018,25.85
NOR,PR_INC_MRKT,2017,25.8684
NOR,PR_INC_MRKT,2016,25.56
NOR,PR_INC_MRKT,2015,24.93
NOR,PR_INC_MRKT,2012,24.02
NOR,PR_INC_MRKT,2011,23.91
NOR,PR_INC_MRKT,2010,23.77
NOR,PR_INC_DISP,2019,8.41
NOR,PR_INC_DISP,2018,8.42
NOR,PR_INC_DISP,2017,8.404
NOR,PR_INC_DISP,2016,8.19
NOR,PR_INC_DISP,2015,8.11
NOR,PR_INC_DISP,2014,8.06
NOR,PR_INC_DISP,2013,7.83
GBR,PR_INC_DISP,2018,11.7
TUR,PR_INC_MRKT,2014,19.4474
TUR,PR_INC_MRKT,2013,19.4775
TUR,PR_INC_MRKT,2012,19.8915
TUR,PR_INC_MRKT,2011,20.7243
TUR,PR_INC_DISP,2021,13.99
TUR,PR_INC_DISP,2020,14.65
TUR,PR_INC_DISP,2019,14.98
TUR,PR_INC_DISP,2018,14.41
TUR,PR_INC_DISP,2017,14.37
TUR,PR_INC_DISP,2015,17.157
TUR,PR_INC_DISP,2014,17.34
TUR,PR_INC_MRKT,2022,24.98
TUR,PR_INC_MRKT,2021,25.53
TUR,PR_INC_MRKT,2020,27.83
TUR,PR_INC_MRKT,2019,25.84
TUR,PR_INC_DISP,2013,17.136
TUR,PR_INC_DISP,2012,17.7282
TUR,PR_INC_DISP,2011,18.6249
TUR,PR_INC_DISP,2022,13.15
TUR,PR_INC_MRKT,2018,26.56
TUR,PR_INC_MRKT,2017,25.86
CHE,PR_INC_MRKT,2019,15.866
CHE,PR_INC_MRKT,2018,16.146
CHE,PR_INC_MRKT,2017,15.6054
CHE,PR_INC_MRKT,2016,16.8992
CHE,PR_INC_MRKT,2015,15.8168
CHE,PR_INC_MRKT,2014,15.9267
CHE,PR_INC_MRKT,2013,15.6852
CHE,PR_INC_MRKT,2012,13.8797
CHE,PR_INC_MRKT,2011,14.6457
CHE,PR_INC_MRKT,2010,14.6608
CHE,PR_INC_DISP,2020,9.8886
CHE,PR_INC_DISP,2019,9.8973
CHE,PR_INC_DISP,2018,10.4998
CHE,PR_INC_DISP,2017,9.2374
CHE,PR_INC_DISP,2016,10.3924
CHE,PR_INC_DISP,2015,9.0844
CHE,PR_INC_DISP,2014,9.8617
CHE,PR_INC_DISP,2013,8.59
CHE,PR_INC_DISP,2012,9.1497
CHE,PR_INC_DISP,2011,10.4716
CHE,PR_INC_DISP,2010,9.4076
CHE,PR_INC_MRKT,2023,16.116
CHE,PR_INC_DISP,2023,9.7718
CHE,PR_INC_DISP,2022,10.7224
CHE,PR_INC_DISP,2021,10.1143
CHE,PR_INC_MRKT,2022,15.826
CHE,PR_INC_MRKT,2021,16.4589
SWE,PR_INC_MRKT,2018,24.5683
SWE,PR_INC_MRKT,2017,24.865
LUX,PR_INC_MRKT,2022,23.7163
LUX,PR_INC_MRKT,2021,25.1999
SWE,PR_INC_MRKT,2014,25.3456
SWE,PR_INC_MRKT,2013,25.3166
SWE,PR_INC_DISP,2020,8.7547
SWE,PR_INC_DISP,2019,9.1322
SWE,PR_INC_DISP,2018,8.718
SWE,PR_INC_DISP,2017,9.293
SWE,PR_INC_DISP,2016,8.7509
SWE,PR_INC_DISP,2015,8.9298
SWE,PR_INC_DISP,2014,8.7447
SWE,PR_INC_DISP,2013,8.3747
SWE,PR_INC_DISP,2024,7.8784
SWE,PR_INC_MRKT,2023,23.7741
SWE,PR_INC_MRKT,2022,24.0805
SWE,PR_INC_MRKT,2024,23.5521
SWE,PR_INC_DISP,2023,8.0299
SWE,PR_INC_DISP,2022,8.3524
SWE,PR_INC_DISP,2021,9.2029
SWE,PR_INC_MRKT,2021,24.9803
SWE,PR_INC_MRKT,2020,25.3142
ESP,PR_INC_MRKT,2019,33.9261
ESP,PR_INC_MRKT,2018,33.9527
ESP,PR_INC_MRKT,2017,34.5831
ESP,PR_INC_MRKT,2016,36.436
ESP,PR_INC_MRKT,2015,37.1704
LTU,PR_INC_MRKT,2011,35.7653
LTU,PR_INC_MRKT,2010,38.4232
LTU,PR_INC_MRKT,2023,29.6213
ESP,PR_INC_MRKT,2011,34.1663
ESP,PR_INC_MRKT,2010,33.6462
ESP,PR_INC_DISP,2016,15.5587
ESP,PR_INC_DISP,2015,15.313
ESP,PR_INC_DISP,2014,15.2584
ESP,PR_INC_DISP,2013,15.9005
ESP,PR_INC_DISP,2012,14.0542
ESP,PR_INC_DISP,2011,14.6654
ESP,PR_INC_DISP,2010,13.8982
ESP,PR_INC_DISP,2023,14.0756
ESP,PR_INC_DISP,2022,13.7453
ESP,PR_INC_DISP,2021,14.4215
ESP,PR_INC_MRKT,2023,31.3015
ESP,PR_INC_DISP,2020,15.3827
ESP,PR_INC_DISP,2019,14.6634
ESP,PR_INC_DISP,2018,14.1514
ESP,PR_INC_DISP,2017,14.7935
ESP,PR_INC_MRKT,2022,31.0798
ESP,PR_INC_MRKT,2021,34.1169
SVN,PR_INC_MRKT,2019,26.5762
SVN,PR_INC_MRKT,2018,26.3403
SVN,PR_INC_MRKT,2017,28.1371
SVN,PR_INC_MRKT,2016,28.669
SVN,PR_INC_MRKT,2015,29.2269
SVN,PR_INC_MRKT,2014,29.7428
SVN,PR_INC_MRKT,2013,30.4357
SVN,PR_INC_MRKT,2012,29.6478
SVN,PR_INC_MRKT,2011,28.7712
SVN,PR_INC_MRKT,2010,28.0774
SVN,PR_INC_DISP,2019,7.4269
SVN,PR_INC_DISP,2018,7.5185
SVN,PR_INC_DISP,2017,8.4626
HRV,PR_INC_MRKT,2016,30.6656
HRV,PR_INC_MRKT,2015,32.1798
HRV,PR_INC_MRKT,2014,32.5516
HRV,PR_INC_MRKT,2013,31.9548
HRV,PR_INC_MRKT,2012,32.9611
HRV,PR_INC_MRKT,2011,32.4542
HRV,PR_INC_MRKT,2010,32.3671
HRV,PR_INC_DISP,2019,13.2949
HRV,PR_INC_DISP,2018,13.0175
HRV,PR_INC_DISP,2017,14.6105
HRV,PR_INC_DISP,2016,13.898
HRV,PR_INC_DISP,2015,13.5243
HRV,PR_INC_DISP,2014,14.0249
HRV,PR_INC_DISP,2013,13.1954
HRV,PR_INC_DISP,2012,14.1195
HRV,PR_INC_DISP,2011,14.2982
HRV,PR_INC_DISP,2010,14.4407
HRV,PR_INC_MRKT,2023,27.7469
HRV,PR_INC_DISP,2023,14.9841
HRV,PR_INC_DISP,2022,14.0472
HRV,PR_INC_DISP,2021,12.6669
HRV,PR_INC_DISP,2020,13.0975
HRV,PR_INC_MRKT,2022,27.8222
HRV,PR_INC_MRKT,2021,27.4643
CHN,PR_INC_DISP,2011,28.8294
BGR,PR_INC_MRKT,2019,30.5995
BGR,PR_INC_MRKT,2018,29.9731
BGR,PR_INC_MRKT,2017,31.3233
BGR,PR_INC_MRKT,2016,32.9589
BGR,PR_INC_MRKT,2015,33.0952
BGR,PR_INC_MRKT,2014,31.0982
BGR,PR_INC_MRKT,2013,33.247
BGR,PR_INC_MRKT,2012,29.8107
BGR,PR_INC_MRKT,2011,30.5459
BGR,PR_INC_MRKT,2010,29.454
BGR,PR_INC_DISP,2019,17.5622
BGR,PR_INC_DISP,2018,16.6789
BGR,PR_INC_DISP,2017,16.2489
BGR,PR_INC_DISP,2016,16.9499
BGR,PR_INC_DISP,2015,16.7503
BGR,PR_INC_DISP,2014,16.5594
BGR,PR_INC_DISP,2013,16.0086
PRT,PR_INC_DISP,2010,10.9449
PRT,PR_INC_MRKT,2023,28.9902
BGR,PR_INC_DISP,2010,14.9828
BGR,PR_INC_MRKT,2023,31.9541
BGR,PR_INC_DISP,2023,14.6269
BGR,PR_INC_DISP,2022,12.9979
BGR,PR_INC_DISP,2021,16.5139
BGR,PR_INC_DISP,2020,15.7069
BGR,PR_INC_MRKT,2022,31.308
BGR,PR_INC_MRKT,2021,30.1814
BRA,PR_INC_MRKT,2022,24.7276
BRA,PR_INC_MRKT,2021,26.7659
BRA,PR_INC_MRKT,2020,28.5059
BRA,PR_INC_MRKT,2019,24.8646
BRA,PR_INC_MRKT,2018,24.4151
BRA,PR_INC_MRKT,2017,24.912
BRA,PR_INC_MRKT,2016,23.6907
BRA,PR_INC_DISP,2022,19.2313
BRA,PR_INC_DISP,2021,20.0789
BRA,PR_INC_DISP,2020,16.9466
BRA,PR_INC_DISP,2019,20.8864
BRA,PR_INC_DISP,2018,20.566
BRA,PR_INC_DISP,2017,20.7763
USA,PR_INC_MRKT,2016,26.6438
USA,PR_INC_MRKT,2015,26.717
USA,PR_INC_MRKT,2014,27.2004
USA,PR_INC_MRKT,2013,27.564
USA,PR_INC_DISP,2018,18.11
USA,PR_INC_DISP,2017,17.84
USA,PR_INC_DISP,2016,17.7976
POL,PR_INC_DISP,2015,11.1131
POL,PR_INC_DISP,2014,10.4484
POL,PR_INC_DISP,2013,10.5744
USA,PR_INC_DISP,2023,18.0883
USA,PR_INC_MRKT,2017,26.8
USA,PR_INC_MRKT,2023,27.0918
USA,PR_INC_MRKT,2022,27.53
USA,PR_INC_MRKT,2021,29.26
USA,PR_INC_DISP,2022,18.08
USA,PR_INC_DISP,2021,15.16
USA,PR_INC_DISP,2020,16.41
USA,PR_INC_DISP,2019,18.04
USA,PR_INC_MRKT,2020,30.98
USA,PR_INC_MRKT,2019,27.26
GBR,PR_INC_DISP,2016,11.1
GBR,PR_INC_DISP,2013,10.4
GBR,PR_INC_MRKT,2023,29.5667
GBR,PR_INC_MRKT,2022,28.7969
GBR,PR_INC_MRKT,2021,28.609
GBR,PR_INC_MRKT,2015,29.8317
GBR,PR_INC_MRKT,2014,29.6202
GBR,PR_INC_MRKT,2012,30.7321
GBR,PR_INC_MRKT,2011,30.3525
GBR,PR_INC_MRKT,2010,31.0893
GBR,PR_INC_DISP,2014,10.5168
GBR,PR_INC_DISP,2012,10.5023
GBR,PR_INC_DISP,2011,10.384
GBR,PR_INC_DISP,2010,10.96
GBR,PR_INC_MRKT,2020,28.1
GBR,PR_INC_MRKT,2019,28.0
GBR,PR_INC_MRKT,2018,28.6
GBR,PR_INC_MRKT,2017,29.0
GBR,PR_INC_MRKT,2016,29.5
GBR,PR_INC_MRKT,2013,30.3
GBR,PR_INC_DISP,2020,11.2
GBR,PR_INC_DISP,2023,12.5668
GBR,PR_INC_DISP,2022,11.7914
GBR,PR_INC_DISP,2021,11.6858
GBR,PR_INC_DISP,2015,10.8991
GBR,PR_INC_DISP,2019,12.4
ZAF,PR_INC_MRKT,2017,38.1502
RUS,PR_INC_DISP,2017,11.5103
ROU,PR_INC_MRKT,2020,32.5474
IND,PR_INC_MRKT,2011,22.4929
HRV,PR_INC_MRKT,2020,28.2199
CHN,PR_INC_MRKT,2011,34.5158
BGR,PR_INC_MRKT,2020,30.2036
BRA,PR_INC_DISP,2016,19.5394
USA,PR_INC_MRKT,2018,27.48
GBR,PR_INC_DISP,2017,11.9
TUR,PR_INC_MRKT,2015,19.4737
CHE,PR_INC_MRKT,2020,16.9171
SWE,PR_INC_MRKT,2019,24.6982
ESP,PR_INC_MRKT,2020,37.3715
SVN,PR_INC_MRKT,2020,26.8412
SVK,PR_INC_MRKT,2011,27.5621
PRT,PR_INC_MRKT,2020,31.4683
POL,PR_INC_MRKT,2020,27.2509
NOR,PR_INC_MRKT,2022,26.097
NZL,PR_INC_MRKT,2020,25.3
NLD,PR_INC_MRKT,2015,26.7
MEX,PR_INC_MRKT,2022,18.0819
LUX,PR_INC_MRKT,2015,28.5446
LTU,PR_INC_MRKT,2019,27.9743
LVA,PR_INC_MRKT,2020,28.9927
KOR,PR_INC_MRKT,2019,21.0
JPN,PR_INC_MRKT,2018,33.2
ITA,PR_INC_MRKT,2020,36.3675
ISR,PR_INC_MRKT,2023,24.3286
IRL,PR_INC_MRKT,2020,33.1991
ISL,PR_INC_MRKT,2012,20.6453
HUN,PR_INC_MRKT,2023,25.2213
GRC,PR_INC_MRKT,2012,37.9272
SWE,PR_INC_MRKT,2016,24.6359
SWE,PR_INC_MRKT,2015,25.0966
FIN,PR_INC_MRKT,2011,32.0
EST,PR_INC_MRKT,2017,29.0088
DNK,PR_INC_MRKT,2019,23.56
CZE,PR_INC_MRKT,2020,26.9143
CRI,PR_INC_MRKT,2023,29.7494
CHL,PR_INC_MRKT,2017,18.2
CAN,PR_INC_MRKT,2020,25.6911
BEL,PR_INC_MRKT,2023,32.9599
AUT,PR_INC_MRKT,2019,30.8019
AUS,PR_INC_MRKT,2018,25.3
ZAF,PR_INC_MRKT,2015,39.0626
ZAF,PR_INC_DISP,2017,27.6671
ZAF,PR_INC_DISP,2015,27.2269
RUS,PR_INC_MRKT,2016,29.1
RUS,PR_INC_MRKT,2011,30.3
RUS,PR_INC_DISP,2016,12.7
RUS,PR_INC_DISP,2011,14.6
RUS,PR_INC_MRKT,2017,28.7924
ROU,PR_INC_MRKT,2019,31.4896
ROU,PR_INC_MRKT,2018,31.487
ROU,PR_INC_MRKT,2017,33.3088
ROU,PR_INC_MRKT,2016,36.3556
ROU,PR_INC_MRKT,2015,37.7854
ROU,PR_INC_MRKT,2014,37.4274
ROU,PR_INC_MRKT,2013,38.1034
ROU,PR_INC_MRKT,2012,37.7163
ROU,PR_INC_MRKT,2011,38.3303
ROU,PR_INC_MRKT,2010,38.4968
ROU,PR_INC_DISP,2019,17.0287
ROU,PR_INC_DISP,2018,17.4101
ROU,PR_INC_DISP,2017,18.0209
ROU,PR_INC_DISP,2016,18.0427
ESP,PR_INC_MRKT,2014,37.6516
ESP,PR_INC_MRKT,2013,37.966
ESP,PR_INC_MRKT,2012,35.8349
ROU,PR_INC_DISP,2012,16.5106
ROU,PR_INC_DISP,2011,16.7186
ROU,PR_INC_DISP,2010,16.6794
ROU,PR_INC_MRKT,2023,27.3267
ROU,PR_INC_DISP,2023,12.7485
ROU,PR_INC_DISP,2022,15.9519
ROU,PR_INC_DISP,2021,16.1883
ROU,PR_INC_DISP,2020,17.4567
ROU,PR_INC_MRKT,2022,33.3523
ROU,PR_INC_MRKT,2021,30.6143
IND,PR_INC_DISP,2011,19.6796
NLD,PR_INC_DISP,2024,7.9
HRV,PR_INC_MRKT,2019,27.547
NLD,PR_INC_MRKT,2024,25.6
USA,PR_INC_DISP,2015,16.8284
