ref_area,age,year,value
ROU,Y18T65,2012,0.477291
ROU,Y18T65,2013,0.475913
AUS,_T,2012,0.4632
AUS,Y18T65,2014,0.434
AUS,Y18T65,2016,0.412
AUS,Y18T65,2018,0.417
AUS,Y_GT65,2014,0.707
AUS,Y_GT65,2016,0.701
AUS,Y_GT65,2018,0.658
AUS,Y_GT65,2020,0.613
AUS,_T,2014,0.483
AUS,_T,2016,0.469
AUS,_T,2018,0.454
AUS,_T,2020,0.441
AUS,Y18T65,2012,0.4135
AUS,Y_GT65,2012,0.7047
AUT,Y18T65,2018,0.426682
AUT,Y18T65,2019,0.417986
AUT,Y18T65,2021,0.425883
AUT,Y18T65,2022,0.414993
AUT,Y18T65,2023,0.41479
AUT,Y_GT65,2011,0.827489
AUT,Y_GT65,2012,0.83762
AUT,Y_GT65,2023,0.871196
AUT,Y_GT65,2013,0.842273
AUT,Y_GT65,2014,0.838875
AUT,Y_GT65,2015,0.847858
AUT,Y_GT65,2016,0.831875
AUT,Y_GT65,2017,0.840085
AUT,Y_GT65,2018,0.848419
AUT,Y_GT65,2019,0.832876
AUT,Y_GT65,2021,0.851245
AUT,Y_GT65,2007,0.825603
AUT,Y_GT65,2008,0.83767
AUT,Y_GT65,2009,0.838287
AUT,Y_GT65,2010,0.828313
AUT,_T,2007,0.484792
AUT,_T,2008,0.488513
CAN,_T,2015,0.434
BEL,Y_GT65,2022,0.87973
BEL,Y_GT65,2023,0.86967
BEL,_T,2018,0.489898
BEL,_T,2019,0.488585
BEL,_T,2020,0.490658
BEL,_T,2021,0.482422
BEL,_T,2022,0.481282
BEL,_T,2023,0.485911
BEL,Y18T65,2018,0.417179
BEL,Y18T65,2019,0.411613
BEL,Y18T65,2020,0.413698
BEL,Y_GT65,2018,0.867673
BEL,Y_GT65,2019,0.865952
BEL,Y_GT65,2020,0.864502
BEL,Y_GT65,2021,0.872683
BEL,Y18T65,2021,0.402125
BEL,Y18T65,2022,0.399877
AUT,_T,2010,0.495505
AUT,_T,2011,0.494371
AUT,_T,2012,0.493123
AUT,_T,2013,0.49476
AUT,_T,2014,0.491944
AUT,_T,2020,0.49309
AUT,Y18T65,2020,0.423306
AUT,Y_GT65,2020,0.852811
AUT,Y_GT65,2022,0.869704
AUT,_T,2015,0.49372
AUT,_T,2016,0.49972
AUT,_T,2017,0.485343
AUT,_T,2018,0.493504
AUT,_T,2019,0.48606
AUT,_T,2021,0.493134
AUT,_T,2022,0.490441
AUT,_T,2023,0.491551
AUT,Y18T65,2007,0.422489
AUT,Y18T65,2008,0.425396
AUT,Y18T65,2009,0.437476
AUT,Y18T65,2010,0.430101
AUT,Y18T65,2011,0.427526
AUT,Y18T65,2012,0.425421
AUT,Y18T65,2013,0.42449
AUT,Y18T65,2014,0.41808
AUT,Y18T65,2015,0.421171
AUT,Y18T65,2016,0.428811
AUT,Y18T65,2017,0.419348
CAN,Y_GT65,2019,0.538
CAN,_T,2021,0.436
CAN,Y18T65,2005,0.406
CAN,Y18T65,2006,0.404
CAN,Y18T65,2007,0.406
CAN,Y18T65,2008,0.401
CAN,Y18T65,2009,0.41
CAN,Y18T65,2010,0.411
CAN,Y18T65,2011,0.404
CAN,Y18T65,2012,0.402
CAN,Y18T65,2013,0.404
CAN,Y18T65,2014,0.397
CAN,Y18T65,2015,0.407
CAN,Y18T65,2016,0.4
CAN,Y18T65,2017,0.406
CAN,Y18T65,2018,0.398
CAN,Y18T65,2019,0.387
CAN,Y_GT65,2020,0.541
CAN,Y_GT65,2021,0.537
CAN,_T,1976,0.383
CAN,_T,1977,0.368
CAN,_T,1978,0.374
CAN,_T,1979,0.364
CAN,_T,1980,0.369
CAN,_T,1981,0.368
CAN,_T,1982,0.387
CAN,_T,1983,0.402
CAN,_T,1984,0.401
CAN,_T,1985,0.394
CAN,_T,1986,0.394
CAN,_T,1987,0.392
CAN,_T,1988,0.39
CAN,_T,1989,0.387
CAN,_T,1990,0.402
CAN,_T,1991,0.421
CAN,_T,1992,0.428
CAN,_T,1996,0.437
CAN,_T,1997,0.437
CAN,_T,1998,0.444
CAN,_T,1999,0.436
CAN,_T,2000,0.437
CAN,_T,2001,0.439
CAN,_T,2002,0.438
CAN,_T,2003,0.436
CAN,_T,2004,0.44
CAN,_T,2005,0.433
CAN,_T,2006,0.431
CAN,_T,2007,0.432
CAN,_T,2008,0.429
CAN,_T,2009,0.436
CAN,_T,2010,0.44
CAN,_T,2011,0.432
CAN,_T,2012,0.431
CAN,_T,2013,0.434
CAN,Y18T65,1977,0.339
CAN,Y18T65,1978,0.348
CAN,Y18T65,1979,0.337
CAN,Y18T65,1980,0.344
CAN,Y18T65,1981,0.341
CAN,Y18T65,1982,0.361
CAN,Y18T65,1983,0.374
CAN,Y18T65,1984,0.371
CAN,Y18T65,1985,0.367
CAN,Y18T65,1986,0.363
CAN,Y18T65,1987,0.362
CAN,Y18T65,1988,0.359
CAN,Y18T65,1989,0.355
CAN,Y18T65,1990,0.373
CAN,Y18T65,1991,0.392
CAN,Y18T65,1992,0.402
CAN,Y18T65,1996,0.41
CAN,Y18T65,1997,0.41
CAN,Y18T65,1998,0.42
CAN,Y18T65,1999,0.41
CAN,Y18T65,2000,0.412
CAN,Y18T65,2001,0.415
CAN,Y18T65,2002,0.414
CAN,Y18T65,2003,0.41
CAN,Y18T65,2004,0.414
CAN,Y18T65,1995,0.400888
CAN,Y18T65,2023,0.398
CAN,Y_GT65,1993,0.594573
CAN,Y_GT65,1994,0.609134
CAN,Y_GT65,1995,0.603429
CAN,Y_GT65,2023,0.543
CAN,_T,1993,0.428533
CAN,_T,1994,0.430707
CAN,_T,1995,0.428678
CAN,_T,2023,0.433
CAN,Y18T65,1976,0.356
CAN,_T,2018,0.428
CAN,_T,2019,0.42
CAN,Y18T65,1993,0.399938
CAN,Y18T65,1994,0.402032
CAN,_T,2014,0.425
CRI,_T,2014,0.52234
CRI,_T,2015,0.522527
CRI,_T,2016,0.532956
CRI,_T,2017,0.529952
CRI,_T,2018,0.530998
CRI,_T,2019,0.532481
CRI,_T,2020,0.575592
CRI,_T,2021,0.550906
CRI,_T,2022,0.533821
CRI,_T,2023,0.534828
CRI,Y_GT65,2025,0.671678
CRI,_T,2025,0.521842
CRI,Y18T65,2025,0.487723
CRI,Y_GT65,2010,0.653017
CRI,Y_GT65,2011,0.672718
CRI,Y_GT65,2012,0.705812
CRI,Y_GT65,2013,0.662444
CRI,Y_GT65,2014,0.664201
CRI,Y_GT65,2015,0.657089
CRI,Y18T65,2011,0.496305
CRI,Y18T65,2012,0.495284
CRI,Y18T65,2013,0.511547
CRI,Y18T65,2014,0.503552
CRI,Y18T65,2015,0.501987
CRI,Y18T65,2016,0.51071
CRI,Y18T65,2017,0.506445
CRI,Y18T65,2018,0.507046
CRI,Y18T65,2019,0.508556
CRI,Y18T65,2020,0.552501
CRI,Y18T65,2021,0.526452
CRI,Y_GT65,2024,0.664774
CRI,_T,2024,0.526357
CRI,Y18T65,2024,0.494961
CRI,Y18T65,2010,0.485711
CRI,Y_GT65,2016,0.678881
CRI,Y_GT65,2017,0.674823
CHL,_T,2013,0.498
CHL,_T,2015,0.486
CHL,_T,2017,0.495
CHL,Y_GT65,2020,0.536093
CHL,Y_GT65,2022,0.526423
CHL,Y18T65,2009,0.508
CHL,Y18T65,2011,0.495
CHL,Y18T65,2013,0.492
CHL,Y18T65,2015,0.476
CHL,Y18T65,2017,0.484
CHL,Y_GT65,2009,0.525
CHL,Y_GT65,2011,0.496
CHL,Y_GT65,2013,0.512
CHL,Y_GT65,2015,0.519
CHL,Y18T65,2020,0.532483
CHL,Y18T65,2022,0.479762
CHL,_T,2020,0.539398
CHL,_T,2022,0.490766
CHL,Y_GT65,2017,0.526
CHL,_T,2009,0.513
CAN,_T,2017,0.437
CAN,Y18T65,2022,0.392
CAN,Y_GT65,2022,0.533
CAN,_T,2022,0.427
CAN,_T,2020,0.438
CAN,Y_GT65,2011,0.55
CAN,Y_GT65,2012,0.545
CAN,Y_GT65,2013,0.537
CAN,Y18T65,2020,0.407
CAN,Y18T65,2021,0.404
CAN,Y_GT65,1976,0.649
CAN,Y_GT65,1977,0.642
CAN,Y_GT65,1978,0.63
CAN,Y_GT65,1979,0.617
CAN,Y_GT65,1980,0.603
CAN,Y_GT65,1981,0.604
CAN,Y_GT65,1982,0.615
CAN,Y_GT65,1983,0.613
CAN,Y_GT65,1984,0.637
CAN,Y_GT65,1985,0.626
CAN,Y_GT65,1986,0.628
CAN,Y_GT65,1987,0.609
CAN,Y_GT65,1988,0.617
CAN,Y_GT65,1989,0.598
CAN,Y_GT65,1990,0.592
CAN,Y_GT65,1991,0.61
CAN,Y_GT65,1992,0.605
CAN,Y_GT65,1996,0.597
CAN,Y_GT65,1997,0.598
CAN,Y_GT65,1998,0.58
CAN,Y_GT65,1999,0.575
CAN,Y_GT65,2000,0.569
CAN,Y_GT65,2001,0.56
CAN,Y_GT65,2002,0.558
CAN,Y_GT65,2003,0.555
CAN,Y_GT65,2004,0.556
CAN,Y_GT65,2005,0.56
CAN,Y_GT65,2006,0.549
CAN,Y_GT65,2007,0.554
CAN,Y_GT65,2008,0.551
CAN,Y_GT65,2009,0.557
CAN,Y_GT65,2010,0.57
CAN,Y_GT65,2014,0.539
CAN,Y_GT65,2015,0.539
CAN,Y_GT65,2016,0.545
CAN,Y_GT65,2017,0.546
CAN,Y_GT65,2018,0.537
DNK,_T,2022,0.442
DNK,Y_GT65,2011,0.6454
DNK,Y_GT65,2013,0.6398
DNK,Y_GT65,2014,0.6352
DNK,Y_GT65,2015,0.6376
DNK,Y_GT65,2016,0.6288
DNK,Y_GT65,2017,0.6304
DNK,Y_GT65,2018,0.6244
DNK,Y_GT65,2019,0.6373
DNK,Y_GT65,2020,0.6411
DNK,Y_GT65,2021,0.6265
DNK,Y_GT65,2022,0.6241
DNK,Y18T65,2013,0.401
DNK,Y_GT65,2012,0.636
DNK,_T,2013,0.442
DNK,_T,2014,0.444
DNK,Y18T65,2016,0.4046
DNK,Y18T65,2017,0.4024
DNK,Y18T65,2018,0.3981
DNK,Y18T65,2019,0.3971
DNK,Y18T65,2020,0.3987
DNK,Y18T65,2021,0.3974
DNK,Y18T65,2022,0.3942
DNK,_T,2011,0.4334
DNK,_T,2012,0.4361
DNK,_T,2015,0.4512
DNK,_T,2016,0.4467
DNK,Y18T65,2011,0.3926
DNK,Y18T65,2012,0.3962
DNK,Y18T65,2014,0.4019
DNK,Y18T65,2015,0.4099
DNK,_T,2017,0.4464
DNK,_T,2018,0.4425
CZE,Y18T65,2018,0.341816
CZE,Y18T65,2019,0.337706
CZE,Y18T65,2020,0.357539
CZE,Y18T65,2021,0.336365
CZE,Y18T65,2022,0.329324
CZE,_T,2014,0.460415
CZE,_T,2015,0.459877
CZE,_T,2016,0.44773
CZE,_T,2017,0.435248
CZE,_T,2018,0.43116
CZE,_T,2019,0.431649
CZE,_T,2020,0.449397
CZE,_T,2021,0.437636
CZE,_T,2022,0.432289
CZE,_T,2023,0.428859
CZE,Y18T65,2007,0.388444
CZE,Y18T65,2023,0.324265
CZE,Y_GT65,2016,0.841819
CZE,Y_GT65,2017,0.838832
CZE,Y_GT65,2018,0.838089
CZE,Y_GT65,2019,0.831388
CZE,Y_GT65,2020,0.834672
CZE,_T,2004,0.467363
CZE,_T,2005,0.46116
CZE,_T,2006,0.459845
CZE,_T,2007,0.449672
CZE,_T,2008,0.443953
CZE,_T,2009,0.444682
CZE,_T,2010,0.44896
CZE,_T,2011,0.455473
CZE,_T,2012,0.4527
CZE,_T,2013,0.460778
CZE,Y18T65,2004,0.412715
CZE,Y18T65,2005,0.405226
CZE,Y18T65,2006,0.40042
CZE,Y18T65,2008,0.38043
CZE,Y18T65,2009,0.383578
CZE,Y18T65,2010,0.386163
CZE,Y18T65,2011,0.390478
CZE,Y18T65,2012,0.387543
CZE,Y18T65,2013,0.385708
CZE,Y18T65,2014,0.380861
CZE,Y_GT65,2005,0.851701
CZE,Y_GT65,2006,0.847193
CZE,Y_GT65,2007,0.843427
CZE,Y_GT65,2008,0.831717
CZE,Y_GT65,2009,0.828405
CZE,Y_GT65,2010,0.828208
CZE,Y_GT65,2011,0.838466
CZE,Y_GT65,2012,0.834457
CZE,Y_GT65,2013,0.821903
CZE,Y_GT65,2014,0.841681
CZE,Y_GT65,2015,0.844377
CZE,Y_GT65,2021,0.835477
CZE,Y_GT65,2022,0.828843
CZE,Y_GT65,2023,0.832551
CZE,Y_GT65,2004,0.837933
CZE,Y18T65,2015,0.378245
CZE,Y18T65,2016,0.364591
CRI,Y_GT65,2019,0.672956
CRI,Y_GT65,2020,0.713412
CRI,Y_GT65,2021,0.687456
CRI,Y_GT65,2022,0.693561
CRI,Y_GT65,2023,0.683893
CRI,Y18T65,2022,0.503732
CRI,Y18T65,2023,0.503757
CRI,_T,2010,0.504658
CRI,_T,2011,0.515119
CRI,_T,2012,0.517885
CRI,_T,2013,0.529649
FIN,Y18T65,2012,0.418213
FIN,Y_GT65,2012,0.867765
FIN,_T,2012,0.488486
FIN,_T,2013,0.49541
FIN,Y_GT65,2013,0.87267
FIN,Y18T65,2013,0.42193
FIN,Y18T65,2014,0.4239
FIN,Y_GT65,2014,0.84672
FIN,_T,2014,0.4954
FIN,_T,2015,0.50668
FIN,Y_GT65,2015,0.84575
FIN,Y18T65,2015,0.43562
FIN,Y18T65,2016,0.43336
FIN,Y_GT65,2016,0.83896
FIN,_T,2016,0.50631
FIN,_T,2017,0.51216
FIN,Y_GT65,2017,0.82691
FIN,Y18T65,2017,0.43554
FIN,Y18T65,2018,0.42857
FIN,Y_GT65,2018,0.83833
FIN,_T,1987,0.393302
FIN,Y_GT65,1987,0.810703
FIN,Y18T65,1987,0.350763
FIN,Y18T65,1988,0.356959
FIN,Y_GT65,1988,0.828797
FIN,_T,1988,0.399907
FIN,_T,1989,0.407468
FIN,Y_GT65,1993,0.862964
FIN,Y18T65,1993,0.431321
FIN,Y18T65,1994,0.441717
FIN,Y_GT65,1994,0.9071
FIN,_T,1994,0.485595
FIN,_T,1995,0.483153
FIN,Y_GT65,2021,0.84825
FIN,Y18T65,2021,0.42546
FIN,Y18T65,2022,0.41954
FIN,Y_GT65,2022,0.84668
FIN,_T,2022,0.51172
FIN,_T,2023,0.509
FIN,Y_GT65,2023,0.839
FIN,Y18T65,2023,0.411
FIN,Y18T65,2024,0.431
FIN,Y_GT65,2024,0.83674
FIN,_T,2024,0.52284
FIN,_T,2001,0.483794
FIN,Y_GT65,2001,0.906206
FIN,Y18T65,2001,0.428667
FIN,Y18T65,2002,0.425143
FIN,Y_GT65,2002,0.855882
FIN,_T,2002,0.479165
FIN,_T,2003,0.479462
FIN,Y_GT65,2003,0.844213
FIN,_T,1996,0.484686
FIN,_T,1997,0.487395
FIN,Y_GT65,1997,0.884154
FIN,Y18T65,1997,0.441048
FIN,Y18T65,1998,0.434257
FIN,Y_GT65,1998,0.88626
FIN,_T,1998,0.482901
FIN,_T,1999,0.482529
FIN,Y_GT65,1999,0.905374
FIN,Y18T65,1999,0.430304
FIN,Y18T65,2000,0.42153
FIN,Y_GT65,1995,0.883484
FIN,Y18T65,1995,0.442219
FIN,Y18T65,1996,0.441677
FIN,Y_GT65,1996,0.89083
FIN,Y_GT65,1989,0.839444
FIN,Y18T65,1989,0.358606
EST,Y18T65,2020,0.398302
EST,Y18T65,2021,0.391206
EST,Y18T65,2022,0.39607
EST,Y18T65,2023,0.392651
EST,_T,2013,0.508019
EST,_T,2014,0.487666
EST,_T,2015,0.469764
EST,_T,2016,0.454818
EST,_T,2017,0.444994
EST,_T,2018,0.44041
EST,_T,2019,0.465444
EST,_T,2020,0.469661
EST,_T,2021,0.464697
EST,_T,2022,0.468704
EST,_T,2023,0.467974
EST,Y_GT65,2021,0.781516
EST,Y_GT65,2022,0.775909
EST,Y_GT65,2023,0.774723
EST,Y_GT65,2014,0.778886
EST,Y_GT65,2015,0.79568
EST,Y_GT65,2016,0.783487
EST,Y_GT65,2017,0.775597
EST,Y18T65,2013,0.445552
EST,Y18T65,2014,0.42153
EST,Y18T65,2015,0.398186
EST,Y18T65,2016,0.379916
EST,Y_GT65,2013,0.82488
EST,Y_GT65,2018,0.755526
EST,Y_GT65,2019,0.76412
EST,Y_GT65,2020,0.768145
EST,Y18T65,2017,0.369243
EST,Y18T65,2018,0.364218
DNK,_T,2020,0.4467
DNK,_T,2021,0.4437
GRC,Y_GT65,2019,0.812838
GRC,Y_GT65,2003,0.736909
GRC,Y_GT65,2006,0.750504
GRC,Y_GT65,2007,0.7615
GRC,Y_GT65,2008,0.769092
GRC,_T,2007,0.499058
GRC,_T,2008,0.500059
DEU,_T,2011,0.50515
DEU,_T,2012,0.5009
DEU,_T,2013,0.50803
DEU,_T,2014,0.4999
DEU,_T,2015,0.50396
DEU,_T,2016,0.50488
DEU,_T,2017,0.4996
DEU,_T,2018,0.49445
DEU,_T,2019,0.49652
DEU,_T,2020,0.49568
DEU,_T,2021,0.50337
DEU,Y_GT65,2023,0.76
DEU,_T,2023,0.497
DEU,Y18T65,2023,0.406
DEU,Y_GT65,2008,0.75789
DEU,Y_GT65,2011,0.7592
DEU,Y_GT65,2012,0.7645
DEU,Y_GT65,2013,0.75207
DEU,Y_GT65,2014,0.7544
DEU,Y_GT65,2015,0.74231
DEU,Y_GT65,2016,0.74467
DEU,Y_GT65,2017,0.74734
DEU,Y_GT65,2018,0.75882
DEU,Y_GT65,2019,0.76101
DEU,Y18T65,2012,0.4105
DEU,Y18T65,2013,0.41935
DEU,Y18T65,2014,0.4103
DEU,Y18T65,2015,0.41917
DEU,Y18T65,2016,0.41546
DEU,Y18T65,2017,0.40962
DEU,Y18T65,2018,0.4053
DEU,Y18T65,2019,0.40284
DEU,Y18T65,2020,0.4042
DEU,Y18T65,2021,0.41471
DEU,_T,2022,0.50471
DEU,Y_GT65,2022,0.77616
DEU,Y18T65,2022,0.41757
DEU,Y18T65,2008,0.4078
DEU,Y18T65,2011,0.4202
DEU,Y_GT65,2020,0.76328
DEU,Y_GT65,2021,0.78312
FRA,Y18T65,2021,0.444
FRA,Y_GT65,2020,0.821
FRA,Y_GT65,2021,0.825
FRA,_T,2020,0.515
FRA,_T,2021,0.526
FRA,Y_GT65,2023,0.811
FRA,Y18T65,2023,0.433
FRA,_T,2023,0.517
FRA,_T,2022,0.524
FRA,Y18T65,2022,0.438
FRA,Y_GT65,2022,0.826
FIN,Y_GT65,1990,0.829973
FIN,_T,1990,0.403677
FIN,_T,1991,0.413205
FIN,Y_GT65,1991,0.796974
FIN,Y18T65,1991,0.369384
FIN,Y18T65,1992,0.399399
FIN,Y_GT65,1992,0.824459
FIN,_T,1992,0.443879
FIN,_T,1993,0.474406
FIN,_T,2018,0.50867
FIN,_T,2019,0.51242
FIN,Y_GT65,2019,0.84094
FIN,Y18T65,2019,0.42952
FIN,_T,2021,0.51782
FIN,Y_GT65,2000,0.888434
FIN,_T,2000,0.478469
FIN,Y18T65,2020,0.43
FIN,Y_GT65,2020,0.854
FIN,_T,2020,0.516
FIN,Y18T65,2003,0.423558
FIN,Y18T65,2004,0.424622
FIN,Y_GT65,2004,0.853981
FIN,_T,2004,0.480386
FIN,_T,2005,0.483427
FIN,Y_GT65,2005,0.853021
FIN,Y18T65,2005,0.423257
FIN,Y18T65,2006,0.428761
FIN,Y_GT65,2006,0.855783
FIN,_T,2006,0.487653
FIN,_T,2007,0.4764
FIN,Y_GT65,2007,0.844502
FIN,Y18T65,2007,0.41506
FIN,Y18T65,2008,0.406637
FIN,Y_GT65,2008,0.867075
FIN,_T,2008,0.471534
FIN,_T,2009,0.479078
FIN,Y_GT65,2009,0.86302
FIN,Y18T65,2009,0.416366
FIN,Y18T65,2010,0.422947
FIN,Y_GT65,2010,0.857343
FIN,_T,2010,0.486911
FIN,_T,2011,0.485431
FIN,Y_GT65,2011,0.841826
FIN,Y18T65,2011,0.422473
ISL,Y_GT65,2009,0.661331
ISL,Y_GT65,2010,0.707923
ISL,Y_GT65,2011,0.737175
ISL,Y18T65,2018,0.317128
ISL,Y_GT65,2012,0.731707
ISL,Y_GT65,2013,0.708327
ISL,Y_GT65,2014,0.742963
ISL,Y_GT65,2015,0.730906
ISL,Y_GT65,2005,0.71591
ISL,Y18T65,2005,0.333508
HUN,Y_GT65,2023,0.796138
HUN,_T,2023,0.425047
HUN,_T,2017,0.478054
HUN,Y18T65,2004,0.493348
HUN,Y18T65,2005,0.500812
HUN,Y18T65,2006,0.462709
HUN,Y18T65,2007,0.467141
HUN,Y18T65,2008,0.449442
HUN,Y18T65,2009,0.446285
HUN,Y18T65,2010,0.445049
HUN,Y18T65,2011,0.444248
HUN,Y18T65,2012,0.444286
HUN,Y18T65,2013,0.458902
HUN,Y18T65,2014,0.424654
HUN,Y18T65,2015,0.423056
HUN,Y18T65,2016,0.409236
HUN,Y18T65,2017,0.404652
HUN,_T,2007,0.512758
HUN,_T,2008,0.502019
HUN,_T,2009,0.49923
HUN,_T,2010,0.506431
HUN,_T,2011,0.507178
HUN,_T,2012,0.507786
HUN,_T,2013,0.520744
HUN,_T,2014,0.492131
HUN,_T,2015,0.493774
HUN,_T,2004,0.543626
HUN,Y_GT65,2008,0.812525
HUN,Y_GT65,2009,0.805143
HUN,Y_GT65,2010,0.820359
HUN,Y_GT65,2011,0.815303
HUN,Y_GT65,2012,0.83196
HUN,Y_GT65,2013,0.847857
HUN,Y_GT65,2014,0.842147
HUN,Y_GT65,2015,0.841464
HUN,Y_GT65,2016,0.823734
HUN,Y_GT65,2017,0.742587
HUN,_T,2016,0.482309
HUN,Y_GT65,2004,0.838211
HUN,Y_GT65,2005,0.844591
HUN,Y_GT65,2006,0.833874
HUN,Y_GT65,2007,0.830175
HUN,_T,2005,0.550308
HUN,_T,2006,0.5084
GRC,_T,2010,0.521907
GRC,_T,2011,0.549041
GRC,_T,2012,0.564277
GRC,_T,2013,0.544545
GRC,_T,2014,0.541259
GRC,_T,2015,0.546908
GRC,_T,2016,0.535476
GRC,_T,2017,0.52773
GRC,_T,2018,0.517222
GRC,_T,2019,0.520329
GRC,_T,2020,0.514373
GRC,_T,2021,0.502513
GRC,_T,2022,0.514258
GRC,_T,2023,0.506391
GRC,Y_GT65,2020,0.799659
GRC,Y_GT65,2021,0.777687
GRC,Y_GT65,2022,0.820771
GRC,Y_GT65,2023,0.81105
GRC,Y18T65,2003,0.399121
GRC,Y18T65,2006,0.453412
GRC,Y18T65,2007,0.444844
GRC,Y18T65,2008,0.44832
GRC,Y18T65,2009,0.455517
GRC,Y18T65,2010,0.472959
GRC,Y18T65,2011,0.498523
GRC,Y18T65,2012,0.510354
GRC,Y18T65,2013,0.485575
GRC,Y18T65,2014,0.483009
GRC,Y18T65,2015,0.491831
GRC,Y18T65,2016,0.475405
GRC,Y18T65,2017,0.467447
GRC,Y18T65,2018,0.454735
GRC,Y18T65,2019,0.453482
GRC,Y18T65,2020,0.446629
GRC,Y18T65,2021,0.433902
GRC,Y18T65,2022,0.437097
GRC,Y18T65,2023,0.426134
GRC,_T,2003,0.452361
GRC,_T,2006,0.502711
GRC,Y_GT65,2009,0.766038
GRC,Y_GT65,2010,0.801048
GRC,Y_GT65,2011,0.821119
GRC,Y_GT65,2012,0.83391
GRC,Y_GT65,2013,0.81331
GRC,Y_GT65,2014,0.81502
GRC,Y_GT65,2015,0.81137
GRC,Y_GT65,2016,0.820728
GRC,Y_GT65,2017,0.804442
GRC,Y_GT65,2018,0.802725
ISR,Y18T65,2023,0.429363
IRL,_T,2006,0.510768
IRL,_T,2007,0.512818
IRL,_T,2008,0.537632
IRL,_T,2009,0.579227
IRL,_T,2011,0.567028
IRL,_T,2012,0.579877
IRL,_T,2013,0.575835
IRL,_T,2014,0.549026
IRL,_T,2015,0.544683
IRL,_T,2016,0.54259
IRL,_T,2017,0.535391
IRL,_T,2018,0.495267
IRL,_T,2019,0.492948
IRL,_T,2020,0.508312
IRL,_T,2021,0.494217
IRL,_T,2022,0.492889
IRL,_T,2023,0.477166
IRL,Y_GT65,2010,0.837727
IRL,_T,2010,0.577466
IRL,Y18T65,2010,0.53466
IRL,Y_GT65,2019,0.800396
IRL,Y_GT65,2020,0.814041
IRL,Y_GT65,2021,0.786973
IRL,Y_GT65,2022,0.78769
IRL,Y_GT65,2023,0.762299
IRL,Y18T65,2011,0.531323
IRL,Y18T65,2012,0.542611
IRL,Y18T65,2013,0.534379
IRL,Y18T65,2014,0.505808
IRL,Y18T65,2015,0.496821
IRL,Y18T65,2016,0.493394
IRL,Y18T65,2017,0.481212
IRL,Y18T65,2018,0.451163
IRL,Y18T65,2019,0.442804
IRL,Y18T65,2020,0.454532
IRL,Y18T65,2021,0.442535
IRL,Y18T65,2022,0.437404
IRL,Y18T65,2023,0.427766
IRL,Y18T65,2003,0.449063
IRL,Y18T65,2004,0.452827
IRL,Y18T65,2005,0.460869
IRL,Y18T65,2006,0.463163
IRL,Y18T65,2007,0.46516
IRL,Y18T65,2008,0.486643
IRL,Y18T65,2009,0.532942
IRL,Y_GT65,2007,0.815522
IRL,Y_GT65,2008,0.837543
IRL,Y_GT65,2009,0.850408
IRL,Y_GT65,2011,0.845682
IRL,Y_GT65,2012,0.85096
IRL,Y_GT65,2013,0.840428
IRL,Y_GT65,2014,0.83494
IRL,Y_GT65,2015,0.834455
IRL,Y_GT65,2016,0.818681
IRL,Y_GT65,2017,0.830927
IRL,Y_GT65,2018,0.721002
IRL,Y_GT65,2003,0.812907
IRL,Y_GT65,2004,0.834663
IRL,Y_GT65,2005,0.824792
IRL,Y_GT65,2006,0.776088
IRL,_T,2003,0.498182
IRL,_T,2004,0.509463
ISL,Y_GT65,2006,0.724341
ISL,Y18T65,2007,0.331985
ISL,Y18T65,2008,0.351417
ISL,Y18T65,2009,0.344219
ISL,Y18T65,2010,0.353498
ISL,Y18T65,2011,0.354271
ISL,Y18T65,2014,0.344077
ISL,Y18T65,2015,0.330867
ISL,Y18T65,2019,0.326993
ISL,_T,2003,0.367771
ISL,_T,2004,0.370016
ISL,_T,2005,0.377413
ISL,_T,2006,0.386406
ISL,_T,2007,0.37925
ISL,_T,2008,0.38714
ISL,_T,2009,0.382227
ISL,_T,2010,0.398454
ISL,_T,2011,0.404154
ISL,_T,2012,0.396629
ISL,_T,2013,0.383253
ISL,_T,2014,0.399785
ISL,_T,2015,0.385016
ISL,_T,2016,0.38162
ISL,_T,2017,0.369011
ISL,_T,2018,0.388665
ISL,_T,2019,0.383873
ISL,Y18T65,2012,0.34536
ISL,Y18T65,2013,0.333839
ISL,Y18T65,2016,0.325893
ISL,Y18T65,2017,0.31728
ISL,Y18T65,2003,0.326149
ISL,Y18T65,2004,0.326402
ISL,Y_GT65,2004,0.70702
ISL,Y_GT65,2016,0.709164
ISL,Y_GT65,2017,0.717092
ISL,Y_GT65,2018,0.72547
ISL,Y_GT65,2019,0.729906
ISL,Y_GT65,2003,0.726966
ISL,Y_GT65,2007,0.707251
ISL,Y_GT65,2008,0.646864
LVA,Y18T65,2009,0.450984
LVA,_T,2010,0.51611
LVA,_T,2011,0.511605
KOR,Y18T65,2017,0.373
KOR,Y_GT65,2017,0.564
KOR,Y_GT65,2018,0.56
KOR,Y18T65,2018,0.366
KOR,_T,2018,0.402
KOR,_T,2019,0.404
KOR,Y18T65,2019,0.362
KOR,Y_GT65,2019,0.554
KOR,Y_GT65,2020,0.554
KOR,Y18T65,2020,0.365
KOR,_T,2020,0.405
KOR,_T,2021,0.405
KOR,Y18T65,2021,0.365
KOR,Y_GT65,2021,0.552
KOR,Y_GT65,2022,0.551
KOR,Y18T65,2022,0.355
KOR,_T,2022,0.396
KOR,_T,2023,0.392
KOR,Y18T65,2023,0.35
KOR,Y_GT65,2023,0.54
KOR,Y_GT65,2013,0.555
KOR,Y18T65,2012,0.388
KOR,_T,2012,0.411
KOR,_T,2013,0.401
KOR,Y18T65,2013,0.377
KOR,Y_GT65,2014,0.567
KOR,Y18T65,2014,0.372
KOR,_T,2014,0.397
KOR,_T,2015,0.396
KOR,Y18T65,2015,0.367
KOR,Y_GT65,2015,0.564
KOR,Y_GT65,2016,0.568
KOR,_T,2011,0.418
KOR,Y18T65,2011,0.391
KOR,Y_GT65,2011,0.56
KOR,Y_GT65,2012,0.556
KOR,Y18T65,2016,0.371
KOR,_T,2016,0.402
JPN,Y_GT65,2021,0.687
JPN,_T,2021,0.513
JPN,Y18T65,2018,0.392
JPN,Y_GT65,2018,0.686
JPN,_T,2018,0.501
ITA,_T,2010,0.511958
ITA,_T,2011,0.507759
ITA,_T,2012,0.513371
ITA,_T,2013,0.512915
ITA,_T,2014,0.511795
ITA,_T,2015,0.523662
ITA,_T,2016,0.516588
ITA,_T,2017,0.515999
ITA,_T,2018,0.511214
ITA,_T,2019,0.505983
ITA,_T,2020,0.52722
ITA,_T,2021,0.524608
ITA,_T,2022,0.507636
ITA,_T,2023,0.508736
ITA,Y_GT65,2020,0.788225
ITA,Y_GT65,2021,0.793559
ITA,Y_GT65,2022,0.780106
ITA,Y18T65,2003,0.411524
ITA,Y18T65,2006,0.429874
ITA,Y18T65,2007,0.417645
ITA,Y18T65,2008,0.419354
ITA,Y18T65,2009,0.425339
ITA,Y18T65,2010,0.44561
ITA,Y18T65,2011,0.442137
ITA,Y18T65,2012,0.447593
ITA,Y18T65,2013,0.441783
ITA,Y18T65,2014,0.438678
ITA,Y18T65,2015,0.452183
ITA,Y18T65,2016,0.440613
ITA,Y18T65,2017,0.441106
ITA,Y18T65,2018,0.43332
ITA,Y18T65,2019,0.428222
ITA,Y18T65,2020,0.451211
ITA,Y18T65,2021,0.441587
ITA,Y18T65,2022,0.423301
ITA,Y18T65,2023,0.424883
ITA,Y_GT65,2023,0.769568
ITA,_T,2003,0.474435
ITA,_T,2006,0.495945
ITA,Y_GT65,2009,0.781318
ITA,Y_GT65,2010,0.802215
ITA,Y_GT65,2011,0.792287
ITA,Y_GT65,2012,0.788823
ITA,Y_GT65,2013,0.79907
ITA,Y_GT65,2014,0.797622
ITA,Y_GT65,2015,0.805741
ITA,Y_GT65,2016,0.800101
ITA,Y_GT65,2017,0.794244
ITA,Y_GT65,2018,0.796866
ITA,Y_GT65,2019,0.778051
ITA,Y_GT65,2003,0.79296
ITA,Y_GT65,2006,0.798569
ITA,Y_GT65,2007,0.780084
ITA,Y_GT65,2008,0.792787
ITA,_T,2007,0.485859
ITA,_T,2008,0.488815
ISR,_T,2023,0.449326
LTU,_T,2022,0.512162
LTU,Y18T65,2022,0.434873
LTU,Y18T65,2017,0.435713
LTU,Y18T65,2018,0.425511
LTU,Y18T65,2019,0.418715
LTU,Y18T65,2020,0.429319
LTU,Y18T65,2021,0.433643
LTU,Y18T65,2004,0.464205
LTU,Y_GT65,2023,0.84154
LTU,Y18T65,2023,0.424993
LTU,_T,2023,0.504653
LTU,Y_GT65,2007,0.787542
LTU,Y_GT65,2008,0.815141
LTU,Y_GT65,2009,0.812544
LTU,Y_GT65,2010,0.832454
LTU,Y_GT65,2011,0.822536
LTU,Y_GT65,2012,0.825819
LTU,Y_GT65,2013,0.827531
LTU,Y_GT65,2014,0.827194
LTU,Y_GT65,2015,0.826898
LTU,Y_GT65,2016,0.806297
LTU,Y_GT65,2017,0.798758
LTU,Y_GT65,2018,0.791205
LTU,Y_GT65,2019,0.775524
LTU,Y_GT65,2020,0.788792
LTU,Y_GT65,2021,0.81525
LTU,Y_GT65,2022,0.82876
LTU,_T,2004,0.507705
LTU,_T,2005,0.506276
LTU,_T,2006,0.466376
LTU,_T,2007,0.469225
LTU,_T,2008,0.501809
LTU,_T,2009,0.530696
LTU,_T,2010,0.528942
LTU,_T,2011,0.507171
LTU,_T,2012,0.529683
LTU,Y18T65,2009,0.467894
LTU,Y18T65,2010,0.465885
LTU,Y18T65,2011,0.439479
LTU,Y18T65,2012,0.460914
LTU,Y18T65,2013,0.43931
LTU,Y18T65,2014,0.456791
LTU,Y18T65,2015,0.44118
LTU,Y18T65,2016,0.445162
LTU,Y_GT65,2004,0.790731
LTU,Y_GT65,2005,0.825393
LTU,Y_GT65,2006,0.78189
LTU,Y18T65,2005,0.454633
LTU,Y18T65,2006,0.415102
LTU,Y18T65,2007,0.415867
LTU,Y18T65,2008,0.438065
LTU,_T,2013,0.509905
LTU,_T,2014,0.531596
LVA,_T,2013,0.496301
LVA,_T,2014,0.484025
LVA,_T,2015,0.475279
LVA,_T,2016,0.472554
LVA,_T,2017,0.481
LVA,_T,2018,0.479167
LVA,_T,2019,0.470495
LVA,_T,2020,0.483203
LVA,_T,2021,0.473872
LVA,_T,2022,0.473501
LVA,_T,2023,0.472665
LVA,Y18T65,2021,0.414302
LVA,Y18T65,2022,0.409732
LVA,Y18T65,2023,0.405599
LVA,Y_GT65,2006,0.700678
LVA,Y_GT65,2007,0.708801
LVA,Y_GT65,2008,0.730464
LVA,Y_GT65,2009,0.732543
LVA,Y_GT65,2010,0.77101
LVA,Y_GT65,2011,0.754677
LVA,Y_GT65,2012,0.748847
LVA,Y_GT65,2013,0.755691
LVA,Y_GT65,2014,0.743286
LVA,Y_GT65,2015,0.733566
LVA,Y_GT65,2016,0.74564
LVA,Y_GT65,2017,0.753908
LVA,Y_GT65,2018,0.756663
LVA,Y_GT65,2019,0.712704
LVA,Y_GT65,2020,0.748556
LVA,Y_GT65,2021,0.718041
LVA,Y_GT65,2022,0.741172
LVA,Y_GT65,2023,0.746048
LVA,_T,2006,0.458107
LVA,_T,2007,0.470635
LVA,_T,2008,0.48134
LVA,_T,2009,0.502646
LVA,Y18T65,2010,0.456855
LVA,Y18T65,2011,0.451975
LVA,Y18T65,2012,0.442367
LVA,Y18T65,2013,0.430533
LVA,Y18T65,2014,0.419501
LVA,Y18T65,2015,0.413703
LVA,Y18T65,2016,0.40591
LVA,Y18T65,2017,0.415822
LVA,Y18T65,2018,0.412875
LVA,Y18T65,2019,0.408686
LVA,Y18T65,2020,0.419832
LVA,Y18T65,2006,0.415383
LVA,Y18T65,2007,0.421019
LVA,Y18T65,2008,0.42914
NZL,_T,2022,0.457
NZL,Y18T65,2018,0.404
NZL,Y18T65,2019,0.4
NZL,_T,2018,0.453
NZL,_T,2019,0.453
NZL,Y_GT65,2018,0.673
NZL,Y_GT65,2019,0.683
NZL,Y_GT65,2020,0.657
NZL,Y18T65,2020,0.399
NZL,_T,2020,0.453
NZL,_T,2021,0.435
NZL,Y18T65,2021,0.375
NZL,Y_GT65,2021,0.677
NLD,Y18T65,2012,0.399
NLD,Y18T65,2013,0.405
NLD,Y18T65,2014,0.424
NLD,Y18T65,2015,0.424
NLD,Y18T65,2016,0.41
NLD,Y18T65,2017,0.413
NLD,Y18T65,2018,0.403
NLD,Y18T65,2019,0.414
NLD,Y18T65,2020,0.402
NLD,_T,2018,0.445
NLD,_T,2019,0.457
NLD,_T,2020,0.446
NLD,Y_GT65,2011,0.563
NLD,Y_GT65,2012,0.561
NLD,Y_GT65,2013,0.555
NLD,Y_GT65,2014,0.574
NLD,Y_GT65,2015,0.574
NLD,Y_GT65,2016,0.552
NLD,Y_GT65,2017,0.575
NLD,Y_GT65,2018,0.554
NLD,Y_GT65,2019,0.573
NLD,Y_GT65,2020,0.55
NLD,_T,2011,0.43
NLD,_T,2012,0.433
NLD,_T,2022,0.441
NLD,Y_GT65,2023,0.591
NLD,Y18T65,2023,0.422
NLD,_T,2023,0.468
NLD,_T,2024,0.458
NLD,Y18T65,2024,0.413
NLD,Y_GT65,2024,0.574
NLD,_T,2015,0.458
NLD,Y_GT65,2021,0.543
NLD,Y18T65,2021,0.401
NLD,_T,2021,0.445
NLD,_T,2016,0.447
NLD,_T,2017,0.453
NLD,Y18T65,2022,0.395
NLD,Y_GT65,2022,0.545
NLD,_T,2013,0.439
NLD,_T,2014,0.458
MEX,Y18T65,2020,0.427562
MEX,Y18T65,2022,0.408021
MEX,Y_GT65,2022,0.50545
MEX,_T,2012,0.472605
MEX,_T,2014,0.478199
MEX,_T,2016,0.474352
MEX,_T,2018,0.430245
MEX,_T,2020,0.434846
MEX,_T,2022,0.415801
MEX,Y_GT65,2012,0.552815
MEX,Y_GT65,2014,0.532865
MEX,Y18T65,2012,0.466234
MEX,Y18T65,2014,0.47677
MEX,Y18T65,2016,0.479839
MEX,Y18T65,2018,0.424363
MEX,Y_GT65,2016,0.545449
MEX,Y_GT65,2018,0.507232
LUX,Y18T65,2022,0.408253
LUX,_T,2016,0.474714
LUX,_T,2017,0.49455
LUX,_T,2018,0.489999
LUX,_T,2019,0.489689
LUX,_T,2020,0.442483
LUX,_T,2021,0.434783
LUX,_T,2022,0.448379
LUX,_T,2023,0.460912
LUX,Y_GT65,2019,0.823418
LUX,Y_GT65,2020,0.833113
LUX,Y_GT65,2021,0.818461
LUX,Y_GT65,2022,0.793946
LUX,Y_GT65,2023,0.805813
LUX,Y18T65,2023,0.413626
LUX,_T,2015,0.462623
LUX,Y18T65,2015,0.422453
LUX,Y18T65,2016,0.434741
LUX,Y18T65,2017,0.450828
LUX,Y18T65,2018,0.444543
LUX,Y_GT65,2015,0.789842
LUX,Y_GT65,2016,0.829642
LUX,Y_GT65,2017,0.832054
LUX,Y_GT65,2018,0.826303
LUX,Y18T65,2019,0.448384
LUX,Y18T65,2020,0.40101
LTU,_T,2016,0.513692
LTU,_T,2017,0.509635
LTU,_T,2018,0.502501
LTU,_T,2019,0.495167
LTU,_T,2020,0.503676
LTU,_T,2021,0.51426
POL,_T,2014,0.46266
POL,_T,2015,0.45177
POL,_T,2016,0.457514
POL,_T,2017,0.447466
POL,_T,2018,0.452309
POL,_T,2019,0.437047
POL,_T,2020,0.433731
POL,_T,2021,0.426437
POL,_T,2022,0.441008
POL,_T,2023,0.441989
POL,Y18T65,2014,0.418428
POL,Y18T65,2015,0.404622
POL,Y18T65,2016,0.40869
POL,Y18T65,2017,0.394226
POL,Y18T65,2018,0.397415
POL,Y18T65,2019,0.377798
POL,Y18T65,2020,0.375007
POL,Y18T65,2021,0.36916
POL,Y18T65,2022,0.380464
POL,Y18T65,2023,0.380806
POL,Y_GT65,2011,0.769949
POL,Y_GT65,2012,0.755254
POL,Y_GT65,2013,0.762382
POL,Y_GT65,2014,0.762618
POL,Y_GT65,2015,0.74161
POL,Y_GT65,2016,0.741112
POL,Y_GT65,2017,0.738615
POL,Y_GT65,2018,0.735005
POL,Y_GT65,2019,0.730454
POL,Y_GT65,2020,0.719687
POL,Y_GT65,2021,0.693159
POL,Y_GT65,2022,0.707361
POL,Y_GT65,2023,0.680474
POL,_T,2005,0.521548
POL,_T,2006,0.497928
POL,Y_GT65,2009,0.78017
POL,Y_GT65,2010,0.776221
POL,Y18T65,2005,0.486547
POL,Y18T65,2006,0.460095
POL,Y18T65,2007,0.44469
POL,Y18T65,2008,0.427854
POL,Y18T65,2009,0.424671
POL,Y18T65,2010,0.424686
POL,Y18T65,2011,0.421062
POL,Y18T65,2012,0.422196
POL,Y18T65,2013,0.420135
POL,Y_GT65,2005,0.831423
POL,Y_GT65,2006,0.810674
POL,Y_GT65,2007,0.796238
POL,Y_GT65,2008,0.779627
POL,_T,2007,0.484142
POL,_T,2008,0.46873
NOR,_T,2019,0.427
NOR,_T,2020,0.436
NOR,Y_GT65,2009,0.592
NOR,Y_GT65,2010,0.597
NOR,Y_GT65,2014,0.591
NOR,Y_GT65,2018,0.613
NOR,Y_GT65,2019,0.609
NOR,Y_GT65,2020,0.613
NOR,Y18T65,2022,0.38749
NOR,Y_GT65,2004,0.6508
NOR,Y_GT65,2008,0.58328
NOR,Y_GT65,2011,0.59141
NOR,Y_GT65,2012,0.58764
NOR,Y_GT65,2013,0.59061
NOR,_T,2004,0.4367
NOR,_T,2008,0.40093
NOR,_T,2010,0.40852
NOR,_T,2011,0.40922
NOR,_T,2012,0.40983
NOR,_T,2013,0.41237
NOR,_T,2015,0.43241
NOR,_T,2016,0.42762
NOR,_T,2017,0.42876
NOR,_T,2021,0.45855
NOR,_T,2022,0.43353
NOR,_T,2023,0.43156
NOR,Y_GT65,2023,0.59545
NOR,Y18T65,2023,0.38775
NOR,Y18T65,2009,0.367
NOR,Y18T65,2014,0.38
NOR,Y18T65,2018,0.387
NOR,Y18T65,2019,0.385
NOR,Y18T65,2020,0.394
NOR,Y18T65,2012,0.37832
NOR,Y_GT65,2015,0.61812
NOR,Y_GT65,2016,0.61506
NOR,Y_GT65,2017,0.6135
NOR,Y_GT65,2021,0.65028
NOR,Y_GT65,2022,0.61349
NOR,Y18T65,2013,0.37685
NOR,Y18T65,2015,0.39549
NOR,Y18T65,2016,0.3881
NOR,Y18T65,2017,0.38869
NOR,Y18T65,2021,0.41481
NOR,Y18T65,2004,0.39617
NOR,Y18T65,2008,0.36666
NOR,Y18T65,2010,0.37524
NOR,Y18T65,2011,0.37744
NOR,_T,2009,0.401
NOR,_T,2014,0.416
NZL,Y18T65,2022,0.398
SVK,_T,2023,0.412974
SVK,Y_GT65,2019,0.718722
SVK,Y_GT65,2020,0.701885
SVK,Y_GT65,2021,0.664562
SVK,Y_GT65,2022,0.647225
SVK,Y_GT65,2023,0.653713
SVK,Y18T65,2004,0.410952
SVK,Y18T65,2005,0.403856
SVK,Y18T65,2006,0.369796
SVK,Y18T65,2007,0.361268
SVK,Y18T65,2008,0.359755
SVK,Y18T65,2009,0.382963
SVK,Y18T65,2010,0.378614
SVK,Y18T65,2011,0.363579
SVK,Y18T65,2012,0.359044
SVK,Y18T65,2013,0.370618
SVK,Y18T65,2014,0.340103
SVK,Y18T65,2015,0.347997
SVK,Y18T65,2016,0.341185
SVK,Y18T65,2017,0.318424
SVK,Y18T65,2018,0.321182
SVK,Y18T65,2019,0.315763
SVK,Y18T65,2020,0.338836
SVK,Y18T65,2021,0.325153
SVK,Y18T65,2022,0.328667
SVK,Y18T65,2023,0.362451
SVK,Y_GT65,2008,0.790612
SVK,Y_GT65,2009,0.791486
SVK,Y_GT65,2010,0.793185
SVK,Y_GT65,2011,0.777077
SVK,Y_GT65,2012,0.76786
SVK,Y_GT65,2013,0.767264
SVK,Y_GT65,2014,0.753934
SVK,Y_GT65,2015,0.751059
SVK,Y_GT65,2016,0.73015
SVK,Y_GT65,2017,0.709843
SVK,Y_GT65,2018,0.735454
SVK,Y_GT65,2004,0.865356
SVK,Y_GT65,2005,0.836291
SVK,Y_GT65,2006,0.819749
SVK,Y_GT65,2007,0.805578
SVK,_T,2004,0.455262
SVK,_T,2005,0.456232
PRT,_T,2015,0.53602
PRT,_T,2016,0.530201
PRT,_T,2017,0.51686
PRT,_T,2018,0.512182
PRT,_T,2019,0.511191
PRT,_T,2020,0.518838
PRT,_T,2021,0.506823
PRT,_T,2022,0.51365
PRT,_T,2023,0.503557
PRT,_T,2003,0.49887
PRT,_T,2006,0.528433
PRT,_T,2007,0.518295
PRT,_T,2008,0.518531
PRT,_T,2009,0.511361
PRT,Y_GT65,2016,0.799068
PRT,Y18T65,2003,0.44304
PRT,Y18T65,2006,0.476433
PRT,Y18T65,2007,0.460706
PRT,Y18T65,2008,0.458563
PRT,Y18T65,2009,0.452837
PRT,Y18T65,2010,0.458299
PRT,Y18T65,2011,0.471963
PRT,Y18T65,2012,0.478207
PRT,Y18T65,2013,0.494622
PRT,Y18T65,2014,0.483326
PRT,Y18T65,2015,0.472364
PRT,Y18T65,2016,0.465384
PRT,Y18T65,2017,0.44348
PRT,Y18T65,2018,0.433076
PRT,Y18T65,2019,0.42984
PRT,Y18T65,2020,0.441549
PRT,Y18T65,2021,0.425015
PRT,Y18T65,2022,0.434124
PRT,Y18T65,2023,0.413013
PRT,Y_GT65,2003,0.797734
PRT,Y_GT65,2006,0.798488
PRT,Y_GT65,2007,0.794139
PRT,_T,2010,0.516823
PRT,_T,2011,0.530156
PRT,Y_GT65,2021,0.781465
PRT,Y_GT65,2022,0.774445
PRT,Y_GT65,2023,0.79843
PRT,Y_GT65,2008,0.796636
PRT,Y_GT65,2009,0.785185
PRT,Y_GT65,2010,0.796528
PRT,Y_GT65,2011,0.796442
PRT,Y_GT65,2012,0.785544
PRT,Y_GT65,2013,0.793879
PRT,Y_GT65,2014,0.797754
PRT,Y_GT65,2015,0.794514
PRT,Y_GT65,2017,0.798098
PRT,Y_GT65,2018,0.808674
PRT,Y_GT65,2019,0.799944
PRT,Y_GT65,2020,0.800389
PRT,_T,2012,0.532304
PRT,_T,2013,0.55203
POL,_T,2010,0.464983
POL,_T,2011,0.461585
POL,_T,2012,0.461433
POL,_T,2013,0.461627
ESP,Y18T65,2019,0.429611
ESP,Y18T65,2020,0.457099
ESP,Y18T65,2021,0.433805
ESP,Y18T65,2022,0.414202
ESP,Y18T65,2023,0.410668
ESP,_T,2007,0.449203
ESP,_T,2008,0.461511
ESP,_T,2009,0.484913
ESP,_T,2010,0.504544
ESP,_T,2011,0.504858
ESP,_T,2012,0.508806
ESP,Y_GT65,2011,0.724845
ESP,Y_GT65,2012,0.722028
ESP,Y_GT65,2013,0.729917
ESP,Y_GT65,2014,0.735581
ESP,Y_GT65,2015,0.74817
ESP,Y_GT65,2016,0.757479
ESP,Y_GT65,2017,0.765492
ESP,Y_GT65,2018,0.77309
ESP,Y_GT65,2019,0.749262
ESP,Y_GT65,2020,0.762453
ESP,Y_GT65,2021,0.747222
ESP,Y_GT65,2007,0.751958
ESP,Y_GT65,2008,0.692938
ESP,Y_GT65,2009,0.708309
ESP,Y_GT65,2010,0.730764
ESP,_T,2013,0.522824
ESP,_T,2014,0.524004
SVN,_T,2007,0.423943
SVN,_T,2008,0.416249
SVN,_T,2009,0.443602
SVN,_T,2010,0.44799
SVN,_T,2011,0.451917
SVN,_T,2012,0.463084
SVN,_T,2013,0.463507
SVN,_T,2014,0.459484
SVN,_T,2015,0.45567
SVN,_T,2016,0.450319
SVN,_T,2017,0.444914
SVN,_T,2018,0.442924
SVN,_T,2019,0.444145
SVN,_T,2020,0.436599
SVN,_T,2021,0.433363
SVN,_T,2022,0.428461
SVN,_T,2023,0.429285
SVN,Y_GT65,2019,0.786725
SVN,Y_GT65,2020,0.782008
SVN,Y_GT65,2021,0.790119
SVN,Y_GT65,2022,0.783957
SVN,Y_GT65,2023,0.769326
SVN,Y18T65,2004,0.398611
SVN,Y18T65,2005,0.392102
SVN,Y18T65,2006,0.388984
SVN,Y18T65,2007,0.376559
SVN,Y18T65,2008,0.36731
SVN,Y18T65,2009,0.393805
SVN,Y18T65,2010,0.395239
SVN,Y18T65,2011,0.405012
SVN,Y18T65,2012,0.412755
SVN,Y18T65,2013,0.415214
SVN,Y18T65,2014,0.405475
SVN,Y18T65,2015,0.400103
SVN,Y18T65,2016,0.390024
SVN,Y18T65,2017,0.378732
SVN,Y18T65,2018,0.376578
SVN,Y18T65,2019,0.378109
SVN,Y18T65,2020,0.367393
SVN,Y18T65,2021,0.360006
SVN,Y18T65,2022,0.350575
SVN,Y18T65,2023,0.350713
SVN,Y_GT65,2008,0.727466
SVN,Y_GT65,2009,0.777724
SVN,Y_GT65,2010,0.793845
SVN,Y_GT65,2011,0.788501
SVN,Y_GT65,2012,0.804727
SVN,Y_GT65,2013,0.768022
SVN,Y_GT65,2014,0.767011
SVN,Y_GT65,2015,0.77933
SVN,Y_GT65,2016,0.782655
SVN,Y_GT65,2017,0.797122
SVN,Y_GT65,2018,0.786621
SVN,Y_GT65,2004,0.733555
SVN,Y_GT65,2005,0.730824
SVN,Y_GT65,2006,0.739006
SVN,Y_GT65,2007,0.745525
SVN,_T,2004,0.438309
SVN,_T,2005,0.436827
SVK,_T,2007,0.415574
SVK,_T,2008,0.412451
SVK,_T,2009,0.433263
SVK,_T,2010,0.430475
SVK,_T,2011,0.416408
SVK,_T,2012,0.408836
SVK,_T,2013,0.426954
SVK,_T,2014,0.395931
SVK,_T,2015,0.400453
SVK,_T,2016,0.398075
SVK,_T,2017,0.377556
SVK,_T,2018,0.385397
SVK,_T,2019,0.383222
SVK,_T,2020,0.396318
SVK,_T,2021,0.383577
SVK,_T,2022,0.38679
CHE,_T,2022,0.401997
CHE,_T,2023,0.397808
CHE,Y_GT65,2023,0.518847
CHE,Y18T65,2023,0.348387
CHE,Y_GT65,2021,0.54169
CHE,Y_GT65,2022,0.533734
CHE,Y18T65,2006,0.325788
CHE,Y18T65,2007,0.330735
CHE,Y18T65,2008,0.326156
CHE,Y18T65,2009,0.325834
CHE,Y18T65,2010,0.327557
CHE,Y18T65,2011,0.321107
CHE,Y18T65,2012,0.319579
CHE,Y18T65,2013,0.339961
CHE,Y18T65,2014,0.335738
CHE,Y18T65,2015,0.342251
CHE,Y18T65,2016,0.344944
CHE,Y18T65,2017,0.339911
CHE,Y18T65,2018,0.344207
CHE,Y18T65,2019,0.352439
CHE,Y18T65,2020,0.364161
CHE,Y18T65,2021,0.353424
CHE,Y18T65,2022,0.353805
CHE,_T,2006,0.367472
CHE,_T,2007,0.373767
CHE,_T,2008,0.373087
CHE,_T,2009,0.370251
CHE,_T,2010,0.374374
CHE,_T,2011,0.367855
CHE,Y_GT65,2010,0.552009
CHE,Y_GT65,2011,0.547469
CHE,Y_GT65,2012,0.538756
CHE,Y_GT65,2013,0.552677
CHE,Y_GT65,2014,0.531562
CHE,Y_GT65,2015,0.520332
CHE,Y_GT65,2016,0.541473
CHE,Y_GT65,2017,0.523075
CHE,Y_GT65,2018,0.532313
CHE,Y_GT65,2019,0.555202
CHE,Y_GT65,2020,0.538848
CHE,Y_GT65,2006,0.541468
CHE,Y_GT65,2007,0.560481
CHE,Y_GT65,2008,0.572316
CHE,Y_GT65,2009,0.540427
CHE,_T,2012,0.367637
CHE,_T,2013,0.386537
SWE,Y18T65,2020,0.366
SWE,Y18T65,2021,0.373
SWE,_T,2013,0.424
SWE,_T,2014,0.428
SWE,_T,2015,0.43
SWE,_T,2016,0.434
SWE,_T,2018,0.428
SWE,_T,2019,0.429
SWE,_T,2020,0.433
SWE,_T,2021,0.44
SWE,Y_GT65,2013,0.616
SWE,Y_GT65,2014,0.623
SWE,Y_GT65,2015,0.628
SWE,Y_GT65,2016,0.636
SWE,Y_GT65,2018,0.622
SWE,Y_GT65,2019,0.62
SWE,Y_GT65,2020,0.617
SWE,Y_GT65,2021,0.628
SWE,_T,2017,0.43357
SWE,_T,2023,0.432
SWE,Y18T65,2024,0.371
SWE,_T,2024,0.431
SWE,Y_GT65,2024,0.61
SWE,Y18T65,2022,0.372
SWE,_T,2022,0.439
SWE,Y_GT65,2022,0.628
SWE,Y18T65,2013,0.359
SWE,Y18T65,2014,0.362
SWE,Y18T65,2015,0.362
SWE,Y_GT65,2017,0.63107
SWE,Y_GT65,2023,0.612
SWE,Y18T65,2017,0.3648
SWE,Y18T65,2023,0.369
SWE,Y18T65,2016,0.365
SWE,Y18T65,2018,0.359
ESP,_T,2016,0.516275
ESP,_T,2017,0.506605
ESP,_T,2018,0.506009
ESP,_T,2019,0.490622
ESP,_T,2020,0.515191
ESP,_T,2021,0.496616
ESP,_T,2022,0.480173
ESP,_T,2023,0.476628
ESP,Y_GT65,2022,0.735836
ESP,Y_GT65,2023,0.72087
ESP,Y18T65,2007,0.392888
ESP,Y18T65,2008,0.41077
ESP,Y18T65,2009,0.435372
ESP,Y18T65,2010,0.455835
ESP,Y18T65,2011,0.456418
ESP,Y18T65,2012,0.463938
ESP,Y18T65,2013,0.477627
ESP,Y18T65,2014,0.476197
ESP,Y18T65,2015,0.472952
ESP,Y18T65,2016,0.461045
ESP,Y18T65,2017,0.451299
ESP,Y18T65,2018,0.445832
GBR,_T,2012,0.524322
GBR,_T,2014,0.517892
GBR,_T,2015,0.519689
GBR,_T,2019,0.508397
GBR,_T,2021,0.509908
GBR,_T,2022,0.512095
GBR,_T,2023,0.521913
GBR,Y18T65,2013,0.471
GBR,Y18T65,2016,0.454
GBR,Y18T65,2017,0.454
GBR,Y18T65,2018,0.459
GBR,Y18T65,2020,0.46
GBR,_T,2013,0.527
GBR,_T,2016,0.506
GBR,_T,2017,0.506
GBR,_T,2018,0.513
GBR,_T,2020,0.507
GBR,Y_GT65,2013,0.63
GBR,Y_GT65,2016,0.617
GBR,Y_GT65,2017,0.637
GBR,Y_GT65,2018,0.631
GBR,Y_GT65,2020,0.593
GBR,Y_GT65,2022,0.603897
GBR,Y_GT65,2023,0.628248
GBR,Y18T65,2002,0.453367
GBR,Y18T65,2003,0.44865
GBR,Y18T65,2004,0.450957
GBR,Y18T65,2005,0.45519
GBR,Y18T65,2006,0.453193
GBR,Y18T65,2007,0.466981
GBR,Y18T65,2008,0.46832
GBR,Y18T65,2009,0.482964
GBR,Y18T65,2010,0.471889
GBR,Y18T65,2011,0.475838
GBR,Y18T65,2012,0.470669
GBR,Y18T65,2014,0.470762
GBR,Y18T65,2015,0.469913
GBR,Y18T65,2019,0.449945
GBR,Y18T65,2021,0.461671
GBR,Y18T65,2022,0.46162
GBR,Y18T65,2023,0.47182
GBR,_T,2002,0.510427
GBR,_T,2003,0.506843
GBR,_T,2004,0.508564
GBR,_T,2005,0.512052
GBR,_T,2006,0.51057
GBR,_T,2007,0.519402
GBR,Y_GT65,2006,0.643695
GBR,Y_GT65,2007,0.646542
GBR,Y_GT65,2008,0.64685
GBR,Y_GT65,2009,0.636746
GBR,Y_GT65,2010,0.640435
GBR,Y_GT65,2011,0.627208
GBR,Y_GT65,2012,0.637023
GBR,Y_GT65,2014,0.612977
GBR,Y_GT65,2015,0.621086
GBR,Y_GT65,2019,0.628086
GBR,Y_GT65,2021,0.610782
GBR,Y_GT65,2002,0.658721
GBR,Y_GT65,2003,0.646661
GBR,Y_GT65,2004,0.652989
GBR,Y_GT65,2005,0.64829
GBR,_T,2008,0.519409
GBR,_T,2009,0.535738
TUR,Y18T65,2011,0.414
TUR,Y18T65,2012,0.407
TUR,Y18T65,2013,0.4
TUR,Y18T65,2014,0.409
TUR,Y18T65,2015,0.418
TUR,_T,2011,0.427
TUR,_T,2012,0.422
TUR,_T,2013,0.416
TUR,_T,2014,0.423
TUR,_T,2015,0.429
TUR,Y_GT65,2011,0.457
TUR,Y_GT65,2012,0.466
TUR,Y_GT65,2013,0.484
TUR,Y_GT65,2014,0.481
TUR,Y_GT65,2015,0.477
TUR,Y_GT65,2021,0.761505
TUR,Y_GT65,2022,0.722913
TUR,Y18T65,2017,0.487211
TUR,Y18T65,2018,0.477296
TUR,Y18T65,2019,0.484708
TUR,Y18T65,2020,0.489576
TUR,Y18T65,2021,0.510291
TUR,Y18T65,2022,0.502412
TUR,_T,2017,0.502306
TUR,_T,2018,0.492052
TUR,_T,2019,0.50196
TUR,Y_GT65,2017,0.684618
TUR,Y_GT65,2018,0.681588
TUR,Y_GT65,2019,0.681175
TUR,Y_GT65,2020,0.738734
TUR,_T,2020,0.503942
TUR,_T,2021,0.5302
CHE,_T,2015,0.385951
CHE,_T,2016,0.392135
CHE,_T,2017,0.386226
CHE,_T,2018,0.394881
CHE,_T,2019,0.401973
CHE,_T,2020,0.409593
CHE,_T,2021,0.400885
BGR,Y18T65,2008,0.389823
BGR,Y_GT65,2008,0.725599
BGR,Y_GT65,2009,0.705088
BGR,Y18T65,2009,0.39142
BGR,Y18T65,2010,0.388615
BGR,Y_GT65,2010,0.709509
BGR,Y_GT65,2011,0.709369
BGR,Y18T65,2011,0.400739
BGR,Y18T65,2014,0.424476
BGR,Y18T65,2015,0.45815
BGR,Y18T65,2016,0.461592
BGR,Y18T65,2017,0.462859
BGR,Y18T65,2018,0.458178
BGR,Y18T65,2019,0.451859
BGR,Y18T65,2020,0.454568
BGR,Y18T65,2021,0.438357
BGR,Y18T65,2022,0.437759
BGR,Y18T65,2023,0.443254
BGR,_T,2017,0.528911
BGR,_T,2018,0.527879
BGR,_T,2019,0.523362
BGR,_T,2020,0.52226
BGR,_T,2021,0.512143
BGR,_T,2022,0.514692
BGR,_T,2023,0.519845
BGR,_T,2006,0.483969
BGR,_T,2007,0.48486
BGR,_T,2008,0.449731
BGR,_T,2009,0.452793
BGR,_T,2010,0.449591
BGR,_T,2011,0.462676
BGR,_T,2012,0.469745
BGR,_T,2013,0.487005
BGR,Y_GT65,2015,0.739678
BGR,Y_GT65,2016,0.769137
BGR,Y_GT65,2017,0.759402
BGR,Y_GT65,2018,0.758325
BGR,Y_GT65,2019,0.763082
BGR,Y_GT65,2020,0.743346
BGR,Y_GT65,2021,0.751902
BGR,Y_GT65,2022,0.754423
BGR,Y_GT65,2023,0.752264
BGR,Y18T65,2012,0.408277
BGR,Y18T65,2013,0.422732
BGR,Y_GT65,2007,0.715775
BGR,Y_GT65,2012,0.713533
BGR,Y_GT65,2013,0.728344
BGR,Y_GT65,2014,0.735329
BGR,_T,2014,0.492412
BGR,_T,2015,0.520207
BRA,Y_GT65,2020,0.490362
BRA,Y_GT65,2021,0.484202
BRA,Y_GT65,2022,0.480869
BRA,Y18T65,2020,0.541858
BRA,Y18T65,2021,0.535655
BRA,Y18T65,2022,0.514345
BRA,_T,2016,0.520605
BRA,_T,2017,0.53318
BRA,_T,2018,0.532447
BRA,_T,2019,0.534305
BRA,_T,2020,0.55155
BRA,_T,2021,0.544477
BRA,_T,2022,0.523223
BRA,Y_GT65,2016,0.466234
BRA,Y18T65,2016,0.510972
BRA,Y18T65,2017,0.523079
BRA,Y18T65,2018,0.522514
BRA,Y18T65,2019,0.522682
BRA,Y_GT65,2017,0.487107
BRA,Y_GT65,2018,0.485019
USA,_T,2014,0.507528
USA,_T,2015,0.506111
USA,_T,2016,0.506618
USA,_T,2017,0.5051
USA,_T,2019,0.5048
USA,_T,2020,0.5209
USA,_T,2021,0.5167
USA,Y_GT65,2018,0.6756
USA,Y_GT65,2019,0.6703
USA,Y_GT65,2020,0.6818
USA,Y_GT65,2021,0.6887
USA,Y_GT65,2022,0.6801
USA,_T,2022,0.512
USA,_T,2018,0.506
USA,Y_GT65,2017,0.677
USA,Y_GT65,2015,0.677283
USA,Y_GT65,2016,0.680972
USA,Y18T65,2013,0.477661
USA,Y18T65,2014,0.472612
USA,Y18T65,2015,0.469255
USA,Y18T65,2016,0.468724
USA,Y18T65,2017,0.4676
USA,Y18T65,2018,0.4703
USA,Y18T65,2019,0.4667
USA,Y18T65,2020,0.4807
USA,Y18T65,2021,0.4791
USA,Y_GT65,2023,0.677971
USA,Y18T65,2023,0.464503
USA,Y_GT65,2013,0.681775
USA,Y_GT65,2014,0.673855
USA,Y18T65,2022,0.4715
USA,_T,2023,0.506123
GBR,_T,2011,0.523735
ROU,Y_GT65,2013,0.833245
ROU,Y_GT65,2014,0.836158
ROU,Y18T65,2014,0.473533
ROU,Y18T65,2015,0.472888
ROU,Y_GT65,2015,0.82928
ROU,Y_GT65,2016,0.817054
ROU,Y18T65,2016,0.449726
ROU,_T,2013,0.534563
ROU,_T,2014,0.534761
ROU,_T,2015,0.536998
ROU,_T,2016,0.515965
ROU,_T,2017,0.518148
ROU,_T,2018,0.520733
ROU,_T,2019,0.511633
ROU,_T,2020,0.510609
ROU,_T,2021,0.49269
ROU,_T,2022,0.501924
ROU,_T,2023,0.455057
ROU,Y18T65,2017,0.454101
ROU,Y18T65,2018,0.452219
ROU,Y18T65,2019,0.441607
ROU,Y18T65,2020,0.439668
ROU,Y18T65,2021,0.421215
ROU,Y18T65,2022,0.418151
ROU,Y18T65,2008,0.477166
ROU,Y18T65,2009,0.460164
ROU,Y_GT65,2006,0.799303
ROU,Y18T65,2006,0.50414
ROU,Y18T65,2007,0.487699
ROU,Y_GT65,2007,0.829419
ROU,Y_GT65,2008,0.824393
ROU,Y_GT65,2009,0.809886
ROU,Y_GT65,2021,0.820956
ROU,Y_GT65,2022,0.828891
ROU,Y_GT65,2023,0.81311
ROU,Y18T65,2023,0.370811
ROU,_T,2006,0.549994
ROU,_T,2007,0.538112
ROU,_T,2008,0.529199
ROU,_T,2009,0.512565
ROU,_T,2010,0.537407
ROU,_T,2011,0.534563
ROU,_T,2012,0.534804
ROU,Y_GT65,2017,0.816943
ROU,Y_GT65,2018,0.829574
ROU,Y_GT65,2019,0.820653
ROU,Y_GT65,2020,0.831491
ROU,Y_GT65,2010,0.83429
ROU,Y18T65,2010,0.484142
IND,Y18T65,2011,0.505228
IND,_T,2004,0.489189
IND,_T,2011,0.508373
IND,Y_GT65,2004,0.539025
IND,Y_GT65,2011,0.557534
HRV,Y18T65,2023,0.371696
HRV,_T,2009,0.486826
HRV,_T,2010,0.494372
HRV,_T,2011,0.491281
HRV,_T,2012,0.489299
HRV,_T,2013,0.482839
HRV,_T,2014,0.491186
HRV,_T,2015,0.482348
HRV,_T,2016,0.480136
HRV,_T,2017,0.474397
HRV,_T,2018,0.466725
HRV,_T,2019,0.447328
HRV,_T,2020,0.462203
HRV,_T,2021,0.455205
HRV,_T,2022,0.460025
HRV,_T,2023,0.451371
HRV,Y18T65,2009,0.438234
HRV,Y18T65,2010,0.444247
HRV,Y18T65,2011,0.438408
HRV,Y18T65,2012,0.438615
HRV,Y18T65,2013,0.42908
HRV,Y18T65,2014,0.437749
HRV,Y18T65,2015,0.425983
HRV,Y18T65,2016,0.41682
HRV,Y18T65,2017,0.409295
HRV,Y18T65,2018,0.399505
HRV,Y18T65,2019,0.377871
HRV,Y_GT65,2013,0.763697
HRV,Y_GT65,2014,0.750306
HRV,Y_GT65,2015,0.752481
HRV,Y_GT65,2016,0.760905
HRV,Y_GT65,2017,0.772509
HRV,Y_GT65,2018,0.765227
HRV,Y_GT65,2019,0.750571
HRV,Y_GT65,2020,0.755342
HRV,Y_GT65,2021,0.75409
HRV,Y_GT65,2022,0.760126
HRV,Y_GT65,2023,0.73279
HRV,Y_GT65,2009,0.744855
HRV,Y_GT65,2010,0.761514
HRV,Y_GT65,2011,0.763346
HRV,Y_GT65,2012,0.768433
HRV,Y18T65,2020,0.389818
HRV,Y18T65,2021,0.37466
CHN,Y18T65,2011,0.530015
CHN,_T,2011,0.548377
BGR,Y18T65,2006,0.434531
BGR,Y_GT65,2006,0.696432
BGR,Y18T65,2007,0.431668
ZAF,Y18T65,2015,0.704727
RUS,_T,2016,0.446
ROU,Y18T65,2011,0.483669
IND,Y18T65,2004,0.486207
HRV,Y18T65,2022,0.380006
CHN,Y_GT65,2011,0.684981
BGR,_T,2016,0.529648
BRA,Y_GT65,2019,0.498892
USA,_T,2013,0.512843
GBR,_T,2010,0.521241
TUR,_T,2022,0.524593
CHE,_T,2014,0.381502
SWE,Y18T65,2019,0.361
ESP,_T,2015,0.524172
SVN,_T,2006,0.432379
SVK,_T,2006,0.424287
PRT,_T,2014,0.544069
POL,_T,2009,0.464339
NOR,_T,2018,0.429
NZL,Y_GT65,2022,0.69
NLD,Y18T65,2011,0.395
MEX,Y_GT65,2020,0.508746
LUX,Y18T65,2021,0.385553
LTU,_T,2015,0.514296
LVA,_T,2012,0.501512
KOR,_T,2017,0.406
JPN,Y18T65,2021,0.397
ITA,_T,2009,0.494086
ISR,Y_GT65,2023,0.543344
IRL,_T,2005,0.51118
ISL,Y18T65,2006,0.335962
HUN,Y18T65,2023,0.338525
GRC,_T,2009,0.503043
DEU,_T,2008,0.49425
FRA,Y18T65,2020,0.434
FIN,Y18T65,1990,0.354972
EST,Y18T65,2019,0.393655
DNK,_T,2019,0.4445
CZE,Y18T65,2017,0.347186
CRI,Y_GT65,2018,0.673091
CHL,_T,2011,0.502
CAN,_T,2016,0.429
BEL,Y18T65,2023,0.400752
AUT,_T,2009,0.503208
AUS,Y18T65,2020,0.403
ZAF,Y18T65,2017,0.688911
ZAF,_T,2015,0.720469
ZAF,_T,2017,0.708631
ZAF,Y_GT65,2015,0.771022
ZAF,Y_GT65,2017,0.756226
RUS,_T,2017,0.434
RUS,Y_GT65,2011,0.765
RUS,Y_GT65,2016,0.666
RUS,Y_GT65,2017,0.68
RUS,Y18T65,2011,0.447
RUS,Y18T65,2016,0.409
RUS,Y18T65,2017,0.398
RUS,_T,2011,0.485
ROU,Y_GT65,2011,0.834506
ROU,Y_GT65,2012,0.833343
